passage_id,ticker,sector,credit,market,operational,regulatory,cyber,climate,label_source,text
MSFT-2026-010,MSFT,technology,0,0,0,0,1,0,keyword,"CYBERSECURITY, DATA PRIVACY, AND PLATFORM ABUSE RISKS

Cyberattacks and security vulnerabilities could lead to reduced revenue, increased costs, liability claims, or harm to our reputation or competitive position.

Security of our information technology

Threats to security can take a variety of forms. Threat actors, including individual and groups of hackers and sophisticated organizations, including nation-states, state-sponsored organizations, or cybercriminal groups, continuously undertake attacks that pose threats to our customers and our internal infrastructure, and we have experienced cybersecurity incidents in which such actors have gained unauthorized access to our systems and data, as well as customer, partner, and supplier systems and data. These actors use a wide variety of methods, which include developing and deploying malicious software; exploiting known, latent, or potential vulnerabilities or intentionally designed processes in our or third-party hardware, software, or other infrastructure to attack our products and services or gain access to our networks and datacenters; using social engineering and AI-assisted techniques to induce our employees, users, partners, suppliers, or customers to disclose sensitive information, such as passwords, or take other actions to gain access to our data or our users' or customers' data; or acting in a coordinated manner or conducting coordinated attacks. For example, as previously disclosed in our Form 8-K filed with the Securities and Exchange"
XOM-2025-007,XOM,energy,0,0,0,0,1,1,keyword,"Security concerns. Successful operation of particular facilities or projects may be disrupted by civil unrest, acts of sabotage, piracy, or terrorism, cybersecurity attacks, the application of national security laws or policies that result in restricting our ability to do business in a particular jurisdiction, strikes or protests, and other local security concerns. Such concerns may be directed specifically at our company, our industry, or as part of broader movements and may require us to incur greater costs for security or to shut down operations for a period of time.

Climate Change and the Energy Transition"
JPM-2026-009,JPM,banking,1,0,0,1,0,0,keyword,"JPMorganChase has in the past incurred significant penalties and experienced collateral consequences and other repercussions in connection with resolving investigations and enforcement actions by governmental authorities, and it could face similar investigations, actions and resolutions in the future. JPMorganChase typically incurs higher operational and compliance costs when addressing the requirements of such resolutions, including devoting substantial resources to remediation.

In connection with resolving specific investigations or enforcement actions, certain governmental authorities have required JPMorganChase and other financial institutions to admit wrongdoing with respect to the activities that gave rise to the resolution. These types of admissions could lead to negative consequences such as:

• disqualification from doing business with certain clients or customers, or in specific jurisdictions

• greater exposure in litigation, and

• reputational harm.

Furthermore, government officials globally have increasingly brought criminal actions against financial institutions and required those institutions to plead guilty to criminal offenses in connection with resolving investigations or enforcement actions by governmental authorities. These resolutions could have significant

Part I

collateral consequences for the subject financial institution, including:

• loss of clients, customers and business

• restrictions on offering certain products or services, and

• loss of permission to operate certain businesses, either temporarily or permanently."
AAPL-2023-011,AAPL,technology,0,0,1,0,0,0,keyword,"The Company's new products often utilize custom components available from only one source. When a component or product uses new technologies, initial capacity constraints may exist until the suppliers' yields have matured or their manufacturing capacities have increased. The continued availability of these components at acceptable prices, or at all, can be affected for any number of reasons, including if suppliers decide to concentrate on the production of common components instead of components customized to meet the Company's requirements. When the Company's supply of components for a new or existing product has been delayed or constrained, or when an outsourcing partner has delayed shipments of completed products to the Company, the Company's business, results of operations and financial condition have been adversely affected and future delays or constraints could materially adversely affect the Company's business, results of operations and financial condition. The Company's business and financial performance could also be materially adversely affected depending on the time required to obtain sufficient quantities from the source, or to identify and obtain sufficient quantities from an alternative source.

The Company's products and services may be affected from time to time by design and manufacturing defects that could materially adversely affect the Company's business and result in harm to the Company's reputation."
NVDA-2024-024,NVDA,technology,0,0,1,1,1,0,keyword,"We hold confidential, sensitive, personal and proprietary information, including information from partners and customers. Breaches of our security measures, along with reported or perceived vulnerabilities or unapproved dissemination of proprietary information or sensitive or confidential data about us or third parties, could expose us and the parties affected to a risk of loss, or misuse of this information, potentially resulting in litigation and subsequent liability, regulatory inquiries or actions, damage to our brand and reputation or other harm, including financial, to our business. For example, we hold proprietary game source code from third-party partners in our GFN service. Breaches of our GFN security measures, which have happened in the past, could expose our partners to a risk of loss or misuse of this source code, damage both us and our partners, and expose NVIDIA to potential litigation and liability. If we or a third party we rely on experience a security incident, which has occurred in the past, or are perceived to have experienced a security incident, we may experience adverse consequences, including government enforcement actions, additional reporting requirements and/or oversight, restrictions on processing data, litigation, indemnification obligations, reputational harm, diversion of funds, diversion of management attention, financial loss, loss of data, material disruptions in our systems and operations, supply chain, and ability to produce, sell and distribute our goods and services, and other similar harms. Inability to fulfill orders, delayed sales, lower margins or lost customers as a result of these disruptions could adversely affect our financial results, stock price and reputation. Applicable data privacy and security obligations may require us to notify relevant stakeholders, including affected individuals, customers, regulators and investors, of security incidents, and mandatory disclosure of such incidents could lead to negative publicity. In addition to experiencing a security incident, third parties may gather, collect or infer sensitive information about us from public sources, data brokers or other means that reveals competitively sensitive details about our organization and could be used to harm our business."
NVDA-2025-009,NVDA,technology,0,0,1,0,0,0,keyword,"We continue to increase our supply and capacity purchases with existing and new suppliers to support our demand projections and increasing complexity of our data center products. With these additions, we have also entered and may continue to enter into prepaid manufacturing and capacity agreements to supply both current and future products. The increased purchase volumes and integration of new suppliers and contract manufacturers into our supply chain creates more complexity in managing multiple suppliers with variations in production planning, execution and logistics. Our expanding product portfolio and varying component compatibility and quality may lead to increased inventory levels. We have incurred and may in the future incur inventory provisions or impairments if our inventory or supply or capacity commitments exceed demand for our products or demand declines."
MSFT-2025-026,MSFT,technology,0,0,0,1,0,0,keyword,"AI: Legislative and regulatory action is emerging in AI, which could increase costs or restrict opportunity. For example, the EU's AI Act may increase costs or impact the provision or operation of our AI models and services in the European market. AI regulatory areas include model and system development and deployment, frontier model safety, transparency, and content provenance.

Anti-corruption: The Foreign Corrupt Practices Act (""FCPA"") and other anti-corruption laws and regulations (""Anti-Corruption Laws"") prohibit corrupt payments by our employees, vendors, or agents, and the accounting provisions of the FCPA require us to maintain accurate books and records and adequate internal controls. From time to time, we receive inquiries from authorities in the U.S. and elsewhere which may be based on reports from employees and others about our business activities and our compliance with Anti-Corruption Laws. Periodically, we receive such reports directly and investigate them and also cooperate with investigations by U.S. and foreign law enforcement authorities.

PART I

Item 1A"
CVX-2024-005,CVX,energy,0,0,0,0,0,0,keyword,"The company does not insure against all potential losses, which could result in significant financial exposure The company does not have commercial insurance or third-party indemnities to fully cover all operational risks or potential liability in the event of a significant incident or series of incidents causing catastrophic loss. As a result, the company is, to a substantial extent, self-insured for such events. The company relies on existing liquidity, financial resources and borrowing capacity to meet short-term obligations that would arise from such an event or series of events. The occurrence of a significant incident, series of events, or unforeseen liability for which the company is self-insured, not fully insured or for which insurance recovery is significantly delayed could have a material adverse effect on the company's results of operations or financial condition.

Chevron may not complete the acquisition of Hess Corporation within the time frame the company anticipates or at all, which could have adverse effects on Chevron The completion of the acquisition of Hess Corporation (Hess) is subject to a number of conditions, including regulatory approvals and approval by Hess stockholders of the adoption of the merger agreement. Additionally, Hess and Chevron have been engaged in discussions with Exxon Mobil Corporation and China National Offshore Oil Corporation regarding a right of first refusal provision in the joint operating agreement for the Stabroek Block offshore Guyana. If these discussions do not result in an acceptable resolution and arbitration (if pursued) does not result in a confirmation that such right of first refusal provision is inapplicable to the merger, then there would be a failure of a closing condition under the Merger Agreement, in which case the merger would not close. For additional information, please see the section entitled ""The Merger—Stabroek JOA"" in Chevron's preliminary registration statement on Form S-4 to be filed on February 26, 2024."
AAPL-2024-006,AAPL,technology,0,0,0,0,0,0,keyword,"Additionally, the Company faces significant competition as competitors imitate the Company's product features and applications within their products or collaborate to offer solutions that are more competitive than those they currently offer. The Company also expects competition to intensify as competitors imitate the Company's approach to providing components seamlessly within their offerings or work collaboratively to offer integrated solutions.

The Company's services also face substantial competition, including from companies that have significant resources and experience and have established service offerings with large customer bases. The Company competes with business models that provide content to users for free. The Company also competes with illegitimate means to obtain third-party digital content and applications.

The Company's business, results of operations and financial condition depend substantially on the Company's ability to continually improve its products and services to maintain their functional and design advantages. There can be no assurance the Company will be able to continue to provide products and services that compete effectively.

Business Risks

To remain competitive and stimulate customer demand, the Company must successfully manage frequent introductions and transitions of products and services.

Due to the highly volatile and competitive nature of the markets and industries in which the Company competes, the Company must continually introduce new products, services and technologies, enhance existing products and services, effectively stimulate customer demand for new and upgraded products and services, and successfully manage the transition to these new and upgraded products and services. The success of new product and service introductions depends on a number of factors, including timely and successful development, market acceptance, the Company's ability to manage the risks associated with new technologies and production ramp-up issues, the availability of application software or other third-party support for the Company's products and services, the effective management of purchase commitments and inventory levels in line with anticipated product demand, the availability of products in appropriate quantities and at expected costs to meet anticipated demand, and the risk that new products and services may have quality or other defects or deficiencies. New products, services and technologies may replace or supersede existing offerings and may produce lower revenues and lower profit margins, which can materially adversely impact the Company's business, results of operations and financial condition. There can be no assurance the Company will successfully manage future introductions and transitions of products and services."
MSFT-2025-005,MSFT,technology,0,0,0,0,1,0,keyword,"Continuing to enhance the attractiveness of our cloud platforms to third-party developers.

Ensuring our cloud-based services meet the reliability expectations and specific requirements of our customers and maintain the security of their data as well as help them meet their own compliance needs.

Making our suite of cloud-based services platform-agnostic, available on a wide range of devices and ecosystems, including those of our competitors.

It is uncertain whether our strategies will continue to attract users or generate the revenue required to succeed. If we are not effective in executing organizational and technical changes to increase efficiency and accelerate innovation, or if we fail to generate sufficient usage of our new products and services, we may not grow revenue in line with the infrastructure and development investments described above. This could adversely affect our operations, financial condition, and results of operations.

PART I

Item 1A

Our AI systems offer users powerful tools and capabilities. However, there may be instances where these systems are used in ways that are unintended or inappropriate. In addition, some users may also engage in fraudulent or abusive activities through our cloud-based and AI services, such as unauthorized account access, payment fraud, or terms of service violations including cryptocurrency mining or launching cyberattacks. While we are committed to detecting and controlling such misuse of our cloud-based and AI services, our efforts may not be effective, and we may incur reputational damage or experience adverse impacts to our business and results of operations."
NVDA-2025-055,NVDA,technology,0,0,0,0,0,0,keyword,"Issues relating to the responsible use of our technologies, including AI in our offerings, may result in reputational or financial harm and liability."
BAC-2026-025,BAC,banking,0,0,0,1,0,0,keyword,"Our non-U.S. businesses are also subject to extensive regulation by governments, securities exchanges and regulators, central banks and other regulatory bodies. In many countries, the LRRs applicable to the financial services and securities industries are less predictable, prone to change and uncertainty, regularly evolving and may conflict with similar LRRs in the U.S. We spend significant resources on understanding and monitoring foreign LRRs, some with less predictable legal and regulatory frameworks, as well as managing our relationships with multiple regulators in various jurisdictions. Failure to comply with local laws and manage our relationships with regulators could result in increased expenses, changes to our organizational structure and adversely affect our businesses, reputation and results of operations in that market.

We are also subject to complex and extensive U.S. and non-U.S. LRRs, which subject us to costs and risks relating to bribery and corruption, know-your-customer requirements, anti-money laundering, embargo programs and economic sanctions, which can vary or conflict across jurisdictions. These LRRs require implementation of complex operational capabilities and compliance programs. Claims regarding non-compliance,

13 Bank of America

including improper implementation, and/or violations could result in increasing operational and compliance costs, enforcement actions and civil and criminal penalties against us and our employees, and result in operational restrictions and reputational harm. The increasing speed and novel ways in which funds circulate could make it more challenging to track such movement and heighten financial crimes risk. Compliance with evolving regulatory regimes and legal requirements depends on our ability to improve and/or evolve our processes, controls, surveillance, detection, reporting and analytics, and could be adversely impacted by operational failures."
NVDA-2025-053,NVDA,technology,0,0,0,0,0,0,keyword,"In addition to export controls, the USG may impose restrictions on the import and sale of products that incorporate technologies developed or manufactured in whole or in part in China. For example, the USG is considering restrictions on the import and sale of certain automotive products in the United States, which if adopted and interpreted broadly, could impact our ability to develop and supply solutions for our automotive customers.

Additionally, restrictions imposed by the Chinese government on the duration of gaming activities and access to games may adversely affect our Gaming revenue, and increased oversight of digital platform companies may adversely affect our Data Center revenue. The Chinese government may also encourage customers to purchase from our China-based competitors, or impose restrictions on the sale to certain customers of our products, or any products containing components made by our partners and suppliers. For example, the Chinese government announced restrictions relating to certain sales of products containing certain products made by Micron, a supplier of ours. As another example, an agency of the Chinese government announced an Action Plan that endorses new standards regarding the compute performance per watt and per memory bandwidth of accelerators used in new and renovated data centers in China. If the Chinese government modifies or implements the Action Plan in a way that effectively prevents us from being able to design products to meet the new standard, this may restrict the ability of customers to use some of our data center products and may have a material and adverse impact on our business, operating results and financial condition. Further restrictions on our products or the products of our suppliers could negatively impact our business and financial results."
BAC-2026-031,BAC,banking,0,0,1,1,1,0,keyword,"Increasing reliance on our information systems and frequency of weather events and other natural disasters heighten our risk of operational loss. Any failure or disruption of our or our third parties' operations or information systems resulting in disruption to our critical business operations and client services, a failure to identify or effectively respond to operational risks timely and/or a failure to continue to deliver our services through an operational failure or disruption could impact the confidentiality, integrity or availability of data and information, and expose us to various risks, including market abuse, fraud, financial losses and other costs, misappropriation and corruption, loss of trust or confidence in us and/or the financial services industry, client attrition, regulatory (e.g., LRR compliance), market, privacy and liquidity risk, adversely impact our results of operations and financial condition and cause legal, regulatory or reputational harm.

The Corporation and third parties with whom we interact and/or on whom we rely, are subject to cybersecurity incidents,

information and security breaches, and technology failures that have and in the future could adversely affect our ability to conduct our businesses, result in the alteration, unavailability, misuse, destruction or disclosure of information, damage our reputation, increase our regulatory and legal risks, result in additional costs or financial losses and/or otherwise adversely impact our businesses and results of operations."
MSFT-2024-031,MSFT,technology,0,0,0,1,0,0,keyword,"PART I

Item 1A

We are regularly under audit by tax authorities in different jurisdictions. Although we believe that our provision for income taxes and our tax estimates are reasonable, tax authorities may disagree with certain positions we have taken. In addition, economic and political pressures to increase tax revenue in various jurisdictions may make resolving tax disputes favorably more difficult. We are currently under Internal Revenue Service (""IRS"") audit for prior tax years and have received Notices of Proposed Adjustment (""NOPAs"") from the IRS for the tax years 2004 to 2013. The primary issues in the NOPAs relate to intercompany transfer pricing. In the NOPAs, the IRS is seeking an additional tax payment of $28.9 billion plus penalties and interest. The final resolution of the proposed adjustments, and other audits or litigation, may differ from the amounts recorded in our consolidated financial statements and adversely affect our results of operations in the period or periods in which that determination is made.

We earn a significant amount of our operating income outside the U.S. A change in the mix of earnings and losses in countries with differing statutory tax rates, changes in our business or structure, or the expiration of or disputes about certain tax agreements in a particular country may result in higher effective tax rates for the company. In addition, changes in U.S. federal and state or international tax laws applicable to corporate multinationals, other global fundamental law changes currently being considered by many countries, including in the U.S., and changes in taxing jurisdictions' administrative interpretations, decisions, policies, and positions may materially adversely affect our financial condition and results of operations."
NVDA-2026-028,NVDA,technology,0,0,1,0,0,1,keyword,"Climate change may have a long-term impact on our business.

Climate change may have an increasingly adverse impact on our business and on our customers, partners and vendors. Water and energy availability and reliability in the regions where we conduct business is critical, and certain of our facilities may be vulnerable to the impacts of extreme weather events. Extreme heat and wind coupled with dry conditions in Northern California may lead to power safety shut offs due to wildfire risk, which can have adverse implications for our Santa Clara, California headquarter offices and data centers, including impairing the ability of our employees to work effectively. Climate change, its impact on our supply chain and critical infrastructure worldwide and its potential to increase political instability in regions where we, our customers, partners and our vendors do business, may disrupt our business and cause us to experience higher attrition, losses and costs to maintain or resume operations. Although we maintain insurance coverage for a variety of property, casualty, and other risks, the types and amounts of insurance we obtain vary depending on availability and cost. Some of our policies have large deductibles and broad exclusions, and our insurance providers may be unable or unwilling to pay a claim. Losses not covered by insurance may be large, which could harm our results of operations and financial condition."
AAPL-2024-004,AAPL,technology,0,0,0,0,0,0,keyword,"Following any interruption to its business, the Company can require substantial recovery time, experience significant expenditures to resume operations, and lose significant sales. Because the Company relies on single or limited sources for the supply and manufacture of many critical components, a business interruption affecting such sources would exacerbate any negative consequences to the Company. While the Company maintains insurance coverage for certain types of losses, such insurance coverage may be insufficient to cover all losses that may arise.

Apple Inc. | 2024 Form 10-K | 6

Global markets for the Company's products and services are highly competitive and subject to rapid technological change, and the Company may be unable to compete effectively in these markets.

The Company's products and services are offered in highly competitive global markets characterized by aggressive price competition and resulting downward pressure on gross margins, frequent introduction of new products and services, short product life cycles, evolving industry standards, continual improvement in product price and performance characteristics, rapid adoption of technological advancements by competitors, and price sensitivity on the part of consumers and businesses.

The Company's ability to compete successfully depends heavily on ensuring the continuing and timely introduction of innovative new products, services and technologies to the marketplace. The Company designs and develops nearly the entire solution for its products, including the hardware, operating system, numerous software applications and related services. As a result, the Company must make significant investments in R&D. There can be no assurance these investments will achieve expected returns, and the Company may not be able to develop and market new products and services successfully."
NVDA-2025-054,NVDA,technology,0,0,0,1,0,1,keyword,"Finally, our business depends on our ability to receive consistent and reliable supply from our overseas partners, especially in Taiwan and South Korea. Any new restrictions that negatively impact our ability to receive supply of components, parts, or services from Taiwan and South Korea, would negatively impact our business and financial results.

Increased scrutiny from shareholders, regulators and others regarding our corporate sustainability practices could result in additional costs or risks and adversely impact our reputation and willingness of customers and suppliers to do business with us.

Certain shareholder advocacy groups, investment funds, shareholders and other market participants, customers and government regulators have focused on corporate sustainability practices and disclosures, including those associated with climate change and human rights. Stakeholders may not be satisfied with our corporate sustainability practices and goals or the speed of their adoption. Further, there are state-level initiatives in the U.S. that may differ from other regulatory requirements or our various stakeholders' expectations. Additionally, our corporate sustainability practices, oversight of our practices or disclosure controls may not meet evolving shareholder, regulator or other industry stakeholder expectations, or we may fail to meet corporate sustainability disclosure or reporting standards or legal requirements. We could also incur additional costs and require additional resources to monitor, report, and comply with various corporate sustainability practices and legal requirements, choose not to conduct business with potential customers and suppliers, or discontinue or not expand business with existing customers and suppliers due to our policies. These factors and increased disclosure may negatively harm our brand, reputation and business activities or expose us to liability."
JPM-2026-033,JPM,banking,1,0,0,1,0,0,keyword,"• expected future profitability

• risk management practices

• legal expenses

• regulatory developments

• ratings differentials between bank holding companies and their bank and non-bank subsidiaries

• assumptions about government support, and

• economic and geopolitical developments.

JPMorganChase has experienced credit ratings downgrades in the past, and there is no assurance that JPMorganChase's credit ratings will not be downgraded in the future. Furthermore, any such downgrade could occur at a time of broader market instability, limiting JPMorganChase's options for responding.

A downgrade in JPMorganChase's credit ratings could curtail its business activities and its profitability, including by:

• reducing its access to capital markets

• materially increasing its cost of issuing and servicing securities

• triggering additional collateral or funding requirements, and

• decreasing the number of investors and counterparties that are willing or permitted to do business with or lend to JPMorganChase.

Any rating downgrade could also increase the credit spreads charged by market participants for taking credit risk on JPMorgan Chase & Co. and its subsidiaries. This could, in turn, adversely affect the value of debt and other obligations of JPMorgan Chase & Co. and its subsidiaries.

Capital

JPMorganChase's ability to distribute capital to shareholders, and to support its business activities could be limited if it does not satisfy applicable regulatory capital requirements."
JPM-2026-007,JPM,banking,0,1,0,1,0,0,keyword,"Regulatory initiatives outside the U.S. have required and could in the future require JPMorganChase to significantly modify its operations or legal entity structure in the places in which those initiatives are implemented, such as requirements for:

• establishing locally-based intermediate holding companies or operating subsidiaries

• maintaining minimum amounts of capital or liquidity in locally-based subsidiaries

• implementing processes within locally-based subsidiaries for complying with applicable law

• separating (or ""ring fencing"") core banking products and services from markets activities

• the orderly resolution of financial institutions

• executing or settling transactions on exchanges or through central counterparties (""CCPs""), or depositing funds with other financial institutions or clearing and settlement systems, and

• governance, control, conduct of business and compensation standards.

Differences, inconsistencies and conflicts in applicable law related to financial services have required and could in the future require JPMorganChase to:

• divest assets or restructure its operations

• maintain higher levels of capital and liquidity

• incur higher operational, compliance, capital and liquidity costs

• become subject to penalties

• limit the products and services that it offers, or change the prices that it charges for those products and services, or

• forgo business opportunities, including acquisitions or principal investments, that it otherwise would have pursued."
COP-2024-000,COP,energy,0,1,0,0,0,0,keyword,"You should carefully consider the following risk factors in addition to the other information included in this Annual Report on Form 10-K. These risk factors are not the only risks we face. Our business could also be affected by additional risks and uncertainties not currently known to us or that we currently consider to be immaterial. If any of these risks or other risks that are yet unknown or currently considered immaterial were to occur, our business, operating results and financial condition, as well as the value of an investment in our common stock, could be materially and adversely affected.

Risks Related to Our Industry

Our operating results, our ability to execute on our strategy and the carrying value of our assets are exposed to the effects of volatile commodity prices or prolonged periods of low commodity prices.

Among the most significant factors impacting our revenues, operating results and future rate of growth are the sales prices for crude oil, bitumen, LNG, natural gas and NGL. These prices are tied to market prices that can fluctuate widely, and many of the factors influencing the prices are beyond our control. For example, over the course of 2023, WTI crude oil prices ranged from a low of $67 per barrel in March to a high of $94 per barrel in August. Given the volatility in commodity price drivers and the worldwide political and economic environment, including potential economic slowdowns or recessions, unexpected shocks to supply and demand resulting from future global health crises such as those experienced in connection with the COVID-19 pandemic or increased uncertainty generated by recent (and potential future) armed hostilities in various oil-producing regions around the globe, prices for crude oil, bitumen, LNG, natural gas and NGLs may continue to be volatile."
CVX-2026-017,CVX,energy,0,0,0,1,0,1,keyword,"emissions and emission reductions and removals; (7) customers' and consumers' preferences and use of the company's products or substitute products; and (8) actions taken by the company's competitors.

The standards and regulations for tracking, reporting, disclosing, marketing and advertising related to ESG matters are relatively new, have not been harmonized and continue to evolve. Further, our selection of disclosure frameworks that seek to align with various voluntary reporting standards may change from time to time. Either of these circumstances may result in a lack of comparative data from period to period.

Our existing processes and controls may not align with evolving voluntary and mandatory standards for identifying, measuring, and reporting ESG metrics. Our interpretation of reporting standards may differ from those of others, and such standards may change over time, including through non-public processes, any of which could result in significant revisions to our goals or reported progress in achieving such goals. In addition, Chevron participates, along with other companies, institutes, universities, trade associations and other organizations, in various initiatives, campaigns, and other projects that express various ambitions, aspirations and goals related to climate change, emissions and energy transition. Chevron's individual ambitions, future performance or policies may differ from the ambitions of such organizations or the individual ambitions of other participants in these various initiatives, campaigns, and other projects, and Chevron may unilaterally change its individual ambitions. Achievement of or efforts to achieve ambitions such as the foregoing and future internal climate-related initiatives has, and may continue to, increase costs, and, in addition, may require purchase of carbon credits, or limit or impact the company's business plans, operations and financial results, potentially resulting in reduction to the economic end-of-life of certain assets, impairing the associated net book value, among other material adverse impacts. Our failure or perceived failure to pursue or fulfill such ambitions within the timelines we announce, or at all, or to satisfy various reporting standards and regulations could have a negative impact on the company's reputation, investor sentiment, ratings outcomes for evaluating the company's approach to ESG matters, stock price, and cost of capital and expose us to government enforcement actions and private litigation, among other material adverse impacts."
XOM-2024-012,XOM,energy,0,0,0,0,0,1,keyword,"Project and portfolio management. The long-term success of ExxonMobil's Upstream and Product Solutions businesses, as well as the future success of LCS and other emerging lower-emission investments, depends on complex, long-term, capital-intensive projects. These projects in turn require a high degree of project management expertise to maximize efficiency. Specific factors that can affect the performance of major projects include our ability to: negotiate successfully with joint venturers, partners, governments, suppliers, customers, or others; model and optimize reservoir performance; develop markets for project outputs, whether through long-term contracts or the development of effective spot markets; qualify for certain incentives available under supportive government policies for emerging markets and technologies; manage changes in operating conditions and costs, including costs of third party equipment or services such as drilling rigs and shipping, supply-chain disruptions, and inflationary cost pressures; prevent, to the extent possible, and respond effectively to unforeseen technical difficulties that could delay project start-up or cause unscheduled project downtime; and influence the performance of project operators where ExxonMobil does not perform that role. In addition to the effective management of individual projects, ExxonMobil's success, including our ability to mitigate risk and provide attractive returns to shareholders, depends on our ability to successfully manage our overall portfolio, including diversification among types and locations of our projects, products produced, and strategies to acquire or divest assets. We may not be able to divest assets at a price or on the timeline we contemplate in our strategies. Additionally, we may retain certain liabilities following a divestment and could be held liable for past use or for different liabilities than anticipated."
XOM-2026-017,XOM,energy,0,0,1,0,0,1,keyword,"Preparedness. Our operations may be disrupted by severe weather events, natural disasters, human error, and similar events. For example, hurricanes may damage our offshore production facilities or coastal refining and petrochemical plants in vulnerable areas. Our facilities are designed, engineered, constructed, and operated to withstand a variety of extreme climatic and other conditions, with safety factors built in to cover a number of uncertainties, including those associated with wave, wind, and current intensity, marine ice flow patterns, permafrost stability, storm surge magnitude, temperature extremes, extreme rainfall events, and earthquakes. Our consideration of changing weather conditions and inclusion of safety factors in design cover the engineering uncertainties that climate change and other events may potentially introduce. Our ability to mitigate the adverse impacts of these events depends in part upon the effectiveness of our robust facility engineering, our rigorous disaster preparedness and response, and business continuity planning.

Insurance limitations. The ability of the Corporation to insure against many of the risks it faces as described in this Item 1A is limited by the availability and cost of coverage, which may not be economic, as well as the capacity of the applicable insurance markets, which may not be sufficient."
COP-2025-023,COP,energy,0,0,0,0,0,0,keyword,"Any downward revision in the amount of our ordinary dividend or the volume of shares we purchase under our share repurchase program could have an adverse effect on the market price of our common stock.

ConocoPhillips 2024 10-K

Risk Factors

There are substantial risks with any acquisitions or divestitures we have completed or that we may choose to undertake.

We regularly review our portfolio and pursue growth through acquisitions and seek to divest noncore assets or businesses. We may not be able to complete these transactions on favorable terms, on a timely basis, or at all. Even if we do complete such transactions, our cash flow from operations may be adversely impacted or otherwise the transactions may not result in the benefits anticipated due to various risks, including, but not limited to (i) the failure of the acquired assets or businesses to meet or exceed expected returns, including risk of impairment; (ii) the inability to dispose of noncore assets and businesses on satisfactory terms and conditions; and (iii) the discovery of unknown and unforeseen liabilities or other issues related to any acquisition for which contractual protections are inadequate or we lack insurance or indemnities, including environmental liabilities, or with regard to divested assets or businesses, claims by purchasers to whom we have provided contractual indemnification. In addition, we may face difficulties in integrating the operations, technologies, products and personnel of any acquired assets or businesses."
BAC-2026-057,BAC,banking,1,1,0,1,0,1,keyword,"Climate-related matters present short-, medium- and long-term risks. This includes physical risks such as extreme weather events and natural disasters, including floods, wildfires, hurricanes and tornados, and chronic risks such as rising average global temperatures and sea levels. These events could adversely impact our facilities, employees and clients' ability to repay outstanding loans, disrupt our operations or those of our clients or third parties, disrupt supply chains or distribution networks, damage collateral and/or result in market volatility, cause rapid deposit outflows, drawdowns of credit facilities or insurance shortfalls, or deteriorate the value of collateral.

We also face transition risk associated with the shift to a low-carbon economy. Changes in consumer preferences, market pressures, technology advancements and additional legislation,

regulatory, compliance and legal requirements could alter our strategic planning, limit certain business activities and products and services offered, amplify credit and market risks, negatively impact asset values, insurance availability and cost, require capital expenditures and changes in technology and markets, increase expenses and adversely impact our capital requirements and results of operations. Climate-related regulatory approaches and disclosure continue to evolve and diverge across jurisdictions (including the availability of certain reporting exemptions), including among the U.S. and non-U.S., and within the U.S., which could adversely impact our legal, compliance and public disclosure risks and costs. Availability, quality and disclosure of climate-related data, including from third parties, remain challenging, which may result in legal, compliance and/or reputational harm."
MSFT-2025-039,MSFT,technology,0,0,0,0,0,0,keyword,"Our business depends on our ability to attract and retain talented employees. Our business is based on successfully attracting, training, and retaining talented employees representing diverse backgrounds, experiences, and skill sets. The market for highly skilled workers and leaders in our industry is extremely competitive. Maintaining our brand and reputation, as well as an inclusive work environment that enables all our employees to thrive, are important to our ability to recruit and retain employees. We are also limited in our ability to recruit internationally by restrictive domestic immigration laws. Restraints on the flow of technical and professional talent, including those derived from changes to U.S. immigration policies or laws, may inhibit our ability to adequately staff our research and development efforts. If we are less successful in our recruiting efforts, or if we cannot retain highly skilled workers and key leaders, our ability to develop and deliver successful products and services could be adversely affected. Effective succession planning is also important to our long-term success. Failure to ensure effective transfer of knowledge and smooth transitions involving key employees could hinder our strategic planning and execution. How employment-related laws are interpreted and applied to our workforce practices may result in increased operating costs and less flexibility in how we meet our workforce needs. Our global workforce is predominantly non-unionized, although we do have some employees in the U.S. and internationally who are represented by unions or works councils. In the U.S., there has been a general increase in workers exercising their right to form or join a union. The unionization of significant employee populations could result in higher costs and other operational changes necessary to respond to changing conditions and to establish new relationships with worker representatives.

PART I"
JPM-2026-002,JPM,banking,0,0,1,0,1,1,keyword,"• Operational risks, including risks associated with JPMorganChase's dependence on its operational systems and its employees, as well as the systems and employees of acquired businesses and external parties; the harm that could be caused by a successful cyber attack affecting JPMorganChase or by other extraordinary events; the adverse effects of failing to identify and address operational risks associated with the introduction of or changes to products, services and delivery platforms or technologies, as well as risks related to data management processes; risks related to safeguarding personal information; potential adverse effects of failing to comply with applicable standards for the oversight of vendors and other service providers; and risks associated with JPMorganChase's risk management framework and control environment, its models and estimations and associated judgments used in its stress testing and financial statements, and controls over disclosure and financial reporting.

• Strategic risks, including the damage to JPMorganChase's competitive standing that could result from ineffective business strategies; risks associated with the significant competition that JPMorganChase faces; and the potential adverse impacts of climate change on JPMorganChase's business and operations and those of its clients and customers.

• Conduct risks, including the negative impact that could result from misconduct of JPMorganChase's employees."
JPM-2026-057,JPM,banking,0,0,0,1,0,0,keyword,"• materially and adversely affect JPMorganChase's business and results of operations or financial condition

• restrict its ability to access the capital markets

• require it to expend significant resources to correct the lapse, weakness or deficiency

• expose it to litigation and penalties, and

• cause reputational harm.

Strategic

JPMorganChase's results or competitive standing could suffer if its management fails to develop and execute effective business strategies and to anticipate changes affecting those strategies.

The ability of JPMorganChase's management to develop and execute effective business strategies, and the ability to anticipate and respond to shifts in the competitive environment, are critical to JPMorganChase's competitive standing and to achieving its strategic objectives. These strategies relate to:

• the products and services that JPMorganChase offers

• the geographies in which it operates

• the types of clients and customers that it serves

• the businesses that it acquires or in which it invests

• the counterparties with which it does business

• the technologies that it adopts or in which it invests, and

• the methods, distribution channels and third-party service providers by or through which it offers products and services.

The values and growth prospects of JPMorganChase's businesses could suffer and its earnings could decline if management makes strategic choices that prove to be incorrect, are based on incomplete, inaccurate or fraudulent information, do not accurately assess the competitive landscape and industry trends, or fail to address changing regulatory and market environments or the expectations of clients, customers, investors, employees and other stakeholders."
NVDA-2026-041,NVDA,technology,0,0,0,1,0,0,keyword,"Government actions, including trade protection and national and economic security policies of U.S. and foreign government bodies, such as tariffs, import or export regulations, including deemed export restrictions and restrictions on the activities of U.S. persons, trade and economic sanctions, decrees, quotas or other trade barriers and restrictions could affect our ability to ship products, provide services to our customers and employees, do business without an export license with entities on the U.S. Department of Commerce's U.S. Entity List or other USG restricted parties lists (which is expected to change from time to time), and generally fulfill our contractual obligations and have a material adverse effect on our business. If we were ever found to have violated export control laws or sanctions of the U.S. or similar applicable non-U.S. laws, even if the violation occurred without our knowledge, we may be subject to various penalties available under the laws, any of which could have a material and adverse impact on our business, operating results and financial condition.

For example, in response to the war in Ukraine, the United States and other jurisdictions imposed economic sanctions and export control measures which blocked the passage of our products, services and support into Russia, Belarus, and certain regions of Ukraine. In fiscal year 2023, we stopped direct sales to Russia and closed business operations in Russia. Concurrently, the war in Ukraine has impacted sales in EMEA and may continue to do so in the future."
AAPL-2023-026,AAPL,technology,0,0,0,1,0,1,keyword,"The outcome of litigation or government investigations is inherently uncertain. If one or more legal matters were resolved against the Company or an indemnified third party in a reporting period for amounts above management's expectations, the Company's results of operations and financial condition for that reporting period could be materially adversely affected. Further, such an outcome can result in significant compensatory, punitive or trebled monetary damages, disgorgement of revenue or profits, remedial corporate measures or injunctive relief against the Company, and has from time to time required, and can in the future require, the Company to change its business practices and limit the Company's ability to offer certain products and services, all of which could materially adversely affect the Company's business, reputation, results of operations and financial condition.

While the Company maintains insurance coverage for certain types of claims, such insurance coverage may be insufficient to cover all losses or all types of claims that may arise.

Apple Inc. | 2023 Form 10-K | 12

The Company is subject to complex and changing laws and regulations worldwide, which exposes the Company to potential liabilities, increased costs and other adverse effects on the Company's business.

The Company's global operations are subject to complex and changing laws and regulations on subjects, including antitrust; privacy, data security and data localization; consumer protection; advertising, sales, billing and e-commerce; financial services and technology; product liability; intellectual property ownership and infringement; digital platforms; machine learning and artificial intelligence; internet, telecommunications and mobile communications; media, television, film and digital content; availability of third-party software applications and services; labor and employment; anticorruption; import, export and trade; foreign exchange controls and cash repatriation restrictions; anti–money laundering; foreign ownership and investment; tax; and environmental, health and safety, including electronic waste, recycling, product design and climate change."
JPM-2026-028,JPM,banking,1,1,0,0,0,0,keyword,"Part I

• counterparties are unable to post collateral for operational or other reasons.

Furthermore, borrowers may under-maintain or misrepresent the condition or existence of collateral, or at liquidation, collateral could be subject to competing claims, limiting JPMorganChase's ability to recover amounts owed, or disputes with counterparties concerning the valuation of collateral could increase during significant market stress, volatility or illiquidity. JPMorganChase could suffer losses in these situations if it is unable to realize the fair value of collateral or to manage declines in the value of collateral.

JPMorganChase could incur significant losses arising from concentrations of credit and market risk.

JPMorganChase could be exposed to greater credit and market risk if groupings of its clients or counterparties, or obligors on securities and other financial instruments:

• engage in similar or related businesses or in related industries

• operate in the same geographic region, or

• have business profiles that could cause their ability to meet their obligations to be similarly affected by changes in economic conditions.

For example, a significant deterioration in the credit quality of a counterparty, borrower or other obligor could lead to concerns about the creditworthiness of other parties in similar, related or dependent industries. This type of interrelationship could exacerbate JPMorganChase's credit, liquidity and market risk exposure, potentially causing losses. In addition, JPMorganChase could be required to increase the allowance for credit losses or establish other reserves with respect to certain clients, industries or country exposures in order to align with regulatory directives or expectations."
BAC-2026-000,BAC,banking,0,0,0,0,0,0,keyword,"The discussion below addresses our material risk factors of which we are aware. Any risk factor, either by itself or together with other risk factors, could materially and adversely affect our businesses, results of operations, cash flows and/or financial condition. References to third parties may include suppliers, service providers, counterparties, financial market utilities, exchanges and clearing houses, data aggregators and other partners and their upstream and downstream service providers (e.g., fourth parties, fifth parties) who may also contribute to our risks. Other factors not currently known to us or that we currently deem immaterial could also adversely affect our businesses, results of operations, cash flows and/or financial condition. Therefore, the risk factors below should not be considered all of the potential risks that we may face. For more information on how we manage risks, see Managing Risk in the MD&A beginning on page 45. For more information about the risks contained in this section, see Item 1. Business beginning on page 2, MD&A beginning on page 26 and Notes to Consolidated Financial Statements beginning on page 95.

Market

We may be adversely affected by the financial markets, fiscal, monetary, and regulatory policies, and economic conditions."
AAPL-2024-028,AAPL,technology,0,0,0,1,0,0,keyword,"The technology industry, including, in some instances, the Company, is subject to intense media, political and regulatory scrutiny, which exposes the Company to increasing regulation, government investigations, legal actions and penalties.

From time to time, the Company has made changes to its App Store, including actions taken in response to litigation, competition, market conditions and legal and regulatory requirements. The Company expects to make further business changes in the future. For example, in the U.S. the Company has implemented changes to how developers communicate with consumers within apps on the U.S. storefront of the iOS and iPadOS App Store regarding alternative purchasing mechanisms.

The Company has also implemented changes to iOS, iPadOS, the App Store and Safari in the EU as it seeks to comply with the DMA, including new business terms and alternative fee structures for iOS and iPadOS apps, alternative methods of distribution for iOS and iPadOS apps, alternative payment processing for apps across the Company's operating systems, and additional tools and APIs for developers. The Company has also continued to make changes to its compliance plan in response to feedback and engagement with the European Commission (the ""Commission""). Although the Company's compliance plan is intended to address the DMA's obligations, it has been challenged by the Commission and may be challenged further by private litigants. The DMA provides for significant fines and penalties for noncompliance, and other jurisdictions may seek to require the Company to make changes to its business. While the changes introduced by the Company in the EU are intended to reduce new privacy and security risks that the DMA poses to EU users, many risks will remain."
NVDA-2024-016,NVDA,technology,0,0,0,0,0,0,keyword,"training data that may originate from third parties and new training methods, and the resulting products may contain unknown or undetected defects and errors, or reflect unintended bias. Although arrangements with component providers may contain provisions for product defect expense reimbursement, we generally remain responsible to the customer for warranty product defects that may occur from time to time. Some failures in our products or services have been in the past and may in the future be only discovered after a product or service has been shipped or used. Undiscovered vulnerabilities in our products or services could result in loss of data or intangible property, or expose our customers to unscrupulous third parties who develop and deploy malicious software programs that could attack our products or services. Defects or failure of our offerings to perform to specifications could lead to substantial damage to the products in which our offerings have been integrated by OEMs, ODMs, AIBs and automotive manufacturers and tier 1 automotive suppliers, and to the user of such end product. Any such defect may cause us to incur significant warranty, support and repair or replacement costs as part of a product recall or otherwise, write-off the value of related inventory, and divert the attention of our engineering and management personnel from our product development efforts to find and correct the issue. Our efforts to remedy these issues may not be timely or satisfactory to our customers. An error or defect in new products, releases or related software drivers after commencement of commercial shipments could result in failure to achieve market acceptance, loss of design wins, temporary or permanent withdrawal from a product or market and harm to our relationships with existing and prospective customers and partners and consumers' perceptions of our brand, which would in turn negatively impact our business operations, gross margin, revenue and/or financial results. We may be required to reimburse our customers, partners or consumers, including for costs to repair or replace products in the field or in connection with indemnification obligations, or pay fines imposed by regulatory agencies."
CVX-2024-003,CVX,energy,0,0,0,0,1,1,keyword,"Chevron's risk management systems are designed to assess potential physical and other risks to its operations and assets and to plan for their resiliency. While capital investment reviews and decisions incorporate potential ranges of physical risks such as storm severity and frequency, sea level rise, air and water temperature, precipitation, fresh water access, wind speed, and earthquake severity, among other factors, it is difficult to predict with certainty the timing, frequency or severity of such events, any of which could have a material adverse effect on the company's results of operations or financial condition.

Cyberattacks targeting Chevron's operational technology networks or other digital infrastructure could have a material adverse impact on the company's business and results of operations There are numerous and evolving risks to Chevron's cybersecurity and privacy from cyber threat actors, including criminal hackers, state-sponsored intrusions, industrial espionage and employee malfeasance. These cyber threat actors, whether internal or external to Chevron, are becoming more sophisticated and coordinated in their attempts to access the company's information technology (IT) systems and data, including the IT systems of cloud providers and other third parties with whom the company conducts business through, without limitation, malicious software; data privacy breaches by employees, insiders or others with authorized access; cyber or phishing-attacks; ransomware; attempts to gain unauthorized access to our data and systems; and other electronic security breaches. The cyber risk landscape changes over time due to a variety of internal and external factors, including during political tensions, war or other military conflicts, or civil unrest. Although Chevron devotes significant resources to prevent unwanted intrusions and to protect its systems and data, whether such data is housed internally or by external third parties, the company has experienced and will continue to experience cyber incidents of varying degrees in the conduct of its business. Cyber threat actors could compromise the company's operational technology networks or other"
AAPL-2024-027,AAPL,technology,0,0,0,1,0,1,keyword,"Apple Inc. | 2024 Form 10-K | 13

Regulatory changes and other actions that materially adversely affect the Company's business may be announced with little or no advance notice and the Company may not be able to effectively mitigate all adverse impacts from such measures. For example, the Company is subject to changing regulations relating to the export and import of its products. Although the Company has programs, policies and procedures in place that are designed to satisfy regulatory requirements, there can be no assurance that such policies and procedures will be effective in preventing a violation or a claim of a violation. As a result, the Company's products could be banned, delayed or prohibited from importation, which could materially adversely affect the Company's business, reputation, results of operations and financial condition.

Expectations relating to environmental, social and governance considerations and related reporting obligations expose the Company to potential liabilities, increased costs, reputational harm, and other adverse effects on the Company's business.

Many governments, regulators, investors, employees, customers and other stakeholders are increasingly focused on environmental, social and governance considerations relating to businesses, including climate change and greenhouse gas emissions, human and civil rights, and diversity, equity and inclusion. In addition, the Company makes statements about its goals and initiatives through its various non-financial reports, information provided on its website, press statements and other communications. Responding to these environmental, social and governance considerations and implementation of the Company's announced goals and initiatives involves risks and uncertainties, requires investments, and depends in part on third-party performance or data that is outside the Company's control. The Company cannot guarantee that it will achieve its announced environmental, social and governance goals and initiatives. In addition, some stakeholders may disagree with the Company's goals and initiatives. Any failure, or perceived failure, by the Company to achieve its goals, further its initiatives, adhere to its public statements, comply with federal, state and international environmental, social and governance laws and regulations, or meet evolving and varied stakeholder expectations and standards could result in legal and regulatory proceedings against the Company and materially adversely affect the Company's business, reputation, results of operations, financial condition and stock price."
COP-2024-022,COP,energy,0,0,1,1,1,0,keyword,"Our increasing reliance on IT in our production, distribution and marketing systems may allow cybersecurity threats to disrupt our oil and gas operations, both domestically and abroad.

If our data, IT, operational technology (OT), including industrial control and supervisory control and data acquisition (SCADA) systems were to be breached, damaged or disrupted due to a cybersecurity incident or cyber-attack (directly, indirectly through third-parties or through the IT networks, servers, software, or infrastructure on which they rely), we could be subject to serious negative consequences. These consequences could include physical damage to production, distribution or storage assets; delay or prevention of delivery to markets; disruption or prevention of accurate accounting for production and settlement of transactions; negative impacts on public health, safety, the environment, economic security, or national security; financial impacts; business interruption; reputational damage; loss of employee, supplier, contractor, partner and/or public trust; reimbursement or other costs; increased compliance costs; regulatory investigations; litigation exposure and legal liability or regulatory fines; penalties or other external intervention.

Although we have business continuity plans in place, our operations may be adversely affected by significant and widespread disruption to our systems and infrastructure that support our business. Further, our ability to insure against cybersecurity risks may be limited by the availability and increasing expense of sufficient coverage.

For additional information regarding our cybersecurity risk management, strategy and governance, see I tem 1C. Cyber s ecurity .

ConocoPhillips 2023 10-K"
BAC-2026-003,BAC,banking,0,1,0,1,0,0,keyword,"Also, changes to existing U.S. laws and regulatory policies and evolving priorities, including those related to financial regulation, taxation, international trade, fiscal policy and healthcare, may adversely impact U.S. or global economic activity and our clients', our counterparties' and our earnings and operations. High and rising federal debt levels, investor concerns about U.S. fiscal spending, changes to fiscal policy and uncertainty about the U.S. budget process could lead to lower investor appetite or market depth for future issuance of U.S. debt securities, higher interest rates, dollar depreciation and financial market volatility, potentially impacting broader economic activity. Further, if the U.S. government's debt ceiling limit is not addressed and/or increased timely, the ramifications may result in market volatility, ratings downgrades and limit fiscal policy responses to recessionary conditions. This could have a negative and potentially severe impact on the U.S. and world economy and financial and capital markets, including higher interest rates, higher volatility, lower asset values, lower liquidity, downgrades to U.S. debt, and a weakened U.S. dollar, which could adversely affect our results of operations.

Changes to international trade and investment policies by the U.S. or other countries, and the uncertainty about potential changes, could negatively impact financial markets globally. Significant increases in tariff rates in the past year have generated heightened market volatility. Further increases or instability associated with tariffs, either broadly applied or targeted at specific goods or trading partners, could adversely impact economic conditions and/or result in higher inflation, which could result in financial market volatility as markets adjust to the incremental cost of doing business and/or new business models to reduce the impacts, as well as adversely"
C-2026-003,C,banking,0,0,0,0,0,0,keyword,"Please see ""Risk Factors"" below for a discussion of material risks and uncertainties that could impact Citi's businesses, results of operations and financial condition.

Non-GAAP Financial Measures

Citi prepares its financial statements in accordance with U.S. generally accepted accounting principles (GAAP) and also presents certain non-GAAP financial measures (non-GAAP measures) that exclude certain items or otherwise include components that differ from the most directly comparable measures calculated in accordance with U.S. GAAP. These non-GAAP financial measures are not intended to be a substitute for GAAP financial measures and may not be defined or calculated the same way as non-GAAP measures with similar names used by other companies.

Citi's non-GAAP financial measures in this Form 10-K include the following:

• Revenues excluding the loss on sale due to the held-for-sale accounting treatment related to Citi's plan to sell AO Citibank (which was sold on February 18, 2026) in Russia (the Russia-related notable item)

• Expenses excluding a goodwill impairment related to Citi's agreement to sell a 25% equity stake in Grupo Financiero Banamex, S.A. de C.V. (Banamex) (the Banamex-related notable item)

• Net income and diluted earnings per share (EPS), excluding revenue and expense notable items

• Banking and Corporate Lending revenues excluding gain (loss) on loan hedges"
COP-2025-010,COP,energy,0,0,0,1,0,1,keyword,"• Permits required in connection with exploration, drilling, production and other activities, including those issued by national, subnational and local authorities;

• The discharge of pollutants into the environment;

• Emissions into the atmosphere, such as nitrogen oxides, sulfur dioxide, mercury and GHG emissions, including methane and carbon dioxide;

• Carbon taxes;

• The handling, use, storage, transportation, disposal and cleanup of hazardous materials and hazardous and nonhazardous wastes;

• The dismantlement, abandonment and restoration of historic properties and facilities at the end of their useful lives; and

• Exploration and production activities in certain areas, such as offshore environments, arctic fields, oil sands reservoirs and unconventional plays.

We have incurred and will continue to incur substantial capital, operating and maintenance, and remediation expenditures as a result of these laws and regulations. In addition, to the extent these expenditures are assumed by a buyer as a result of a disposition, it may result in our incurring substantial costs if the buyer is unable to satisfy these obligations. Any actual or perceived failure by us to comply with existing or future laws, regulations and other requirements could result in administrative or civil penalties, criminal fines, other enforcement actions or third-party litigation against us. To the extent these expenditures, as with all costs, are not ultimately reflected in the prices of our products, our business, financial condition, results of operations and cash flows in future periods, as well as our ability to implement and advance our Climate Risk Strategy could be adversely affected."
COP-2026-013,COP,energy,0,0,0,1,0,1,keyword,"Additionally, international climate initiatives, such as the United Nations Conference of the Parties summits, continue to shape the global response to climate change. These summits can lead to commitments from numerous countries to meet the objectives of agreements like the Paris Agreement, through adopting country level regulation to reduce greenhouse gas emissions.

The implementation of current agreements and regulatory or judicial measures, as well as any future agreements or measures addressing climate change and GHG emissions, may adversely increase our capital and operating expenses, impact the demand for our products, impose taxes on our products or operations, or require us to purchase emission credits or reduce emissions of GHGs from our operations. As a result, we may incur substantial capital expenditures and compliance, operating, maintenance and remediation costs, any of which may have an adverse effect on our business and results of operations.

For more information on legislation or precursors for possible regulation relating to global climate change that affect or could affect our operations and a description of the company's response, see the ""Contingencies—Climate Change"" and ""—Company Response to Climate-Related Risks"" sections of Management's Discussion and Analysis of Financial Condition and Results of Operations.

Broader investor and societal attention to and efforts to address global climate change may limit who can do business with us or our access to financial markets and could subject us to litigation."
XOM-2025-004,XOM,energy,0,0,0,1,0,0,keyword,"Restrictions on doing business. ExxonMobil is subject to laws and sanctions imposed by the United States and by other jurisdictions where we do business that may prohibit ExxonMobil or its affiliates from doing business in certain countries or with certain counterparties or restrict the kind of business that may be conducted, including acquiring and divesting certain assets or importing or exporting certain materials or products. Such restrictions may provide a competitive advantage to competitors who may not be subject to comparable restrictions.

Lack of legal certainty. Some countries in which we do business lack well-developed legal systems, lack political or governmental stability, have not yet adopted or may be unable to maintain clear regulatory frameworks, or may have evolving and unharmonized standards that vary or conflict across jurisdictions. Lack of legal certainty exposes us to increased risk of adverse or unpredictable actions by government officials, may reduce our ability to comply timely or cost-effectively with evolving standards or requirements, and also makes it more difficult for us to enforce our contracts. In some cases, these risks can be partially offset by agreements to arbitrate disputes in an international forum, but the adequacy of this remedy may still depend on the local legal system to enforce an award."
BAC-2026-027,BAC,banking,0,0,1,0,1,0,keyword,"Business Operations

A failure in or breach of our operations or information systems, or those of third parties or the financial services industry, could cause disruptions, adversely impact our businesses, results of operations and financial condition, and cause legal or reputational harm.

Operational risk exposure exists throughout our organization, including risks arising from our operations and information systems, which comprise the hardware, software, infrastructure, backup systems and other technology that we own or use to collect, process, maintain, use, share, transmit or dispose of information, including personal and/or confidential employee, client and third-party information, which are integral to the performance of our businesses. Our extensive interactions with,

and reliance on, third parties and the financial services industry, including the processing and reporting of a large number of complex transactions at increasing speeds in many currencies and jurisdictions, creates additional operational risk.

Our operations and information systems and components thereof, and those of our third parties, have been, and in the future may be, ineffective or fail to operate properly or become disabled or damaged as a result of a number of factors, including events that may be wholly or partially beyond our or such third party's control. Such events have adversely affected, and in the future could adversely affect, physical site access of our operations, the safeguarding of information and our ability to process transactions, provide services to our clients and perform other operations, including reporting and decision-making. Short-term or prolonged disruptions to our or our third parties' critical business operations and client services are possible, such as due to computer, telecommunications, network, utility, electronic or physical infrastructure outages, including from abuse or failure of our electronic trading and algorithmic platforms, significant unplanned increases in client transactions, fraudulent transactions, cyberattacks, extortion attempts, aging information systems, newly introduced or identified vulnerabilities or defects in hardware and software, failure of or defects in infrastructure or manual processes, technology project implementation challenges and deficiencies, including from the use of emerging technologies such as AI, and supply chain disruptions. Operational disruptions and prolonged operational outages could also result from events arising from natural disasters, including earthquakes and acute and chronic weather events, such as wildfires, tornadoes, hurricanes and floods, some of which are happening with more frequency and severity, as well as local or larger scale political or social matters, including civil unrest, terrorist acts and military conflict."
COP-2024-018,COP,energy,1,1,0,0,0,0,keyword,"In addition, we are regularly evaluated by the major rating agencies based on a number of factors, including our financial strength and conditions affecting the oil and gas industry generally. We and other industry companies have had our ratings reduced in the past due to negative commodity price outlooks. These major rating agencies are now considering ESG attributes when assessing credit profiles. While these assessments have limited impact today, they have the potential to pressure credit ratings over time. Any downgrade in our credit rating or announcement that our credit rating is under review for possible downgrade could increase the cost associated with any additional indebtedness we incur.

ConocoPhillips 2023 10-K

Risk Factors

Our business may be adversely affected by deterioration in the credit quality of, or defaults under our contracts with, third-parties with whom we do business.

The operation of our business requires us to engage in transactions with numerous counterparties operating in a variety of industries, including other companies operating in the oil and gas industry. These counterparties may default on their obligations to us as a result of operational failures or a lack of liquidity, or for other reasons, including bankruptcy. Market speculation about the credit quality of these counterparties, or their ability to continue performing on their existing obligations, may also exacerbate any operational difficulties or liquidity issues they are experiencing. Any default by any of our counterparties may result in our inability to perform our obligations under agreements we have made with third-parties or may otherwise adversely affect our business or results of operations. In addition, our rights against any of our counterparties as a result of a default may not be adequate to compensate us for the resulting harm caused or may not be enforceable at all in some circumstances. We may also be forced to incur additional costs as we attempt to enforce any rights we have against a defaulting counterparty, which could further adversely impact our results of operations."
BAC-2026-026,BAC,banking,1,1,1,1,1,0,keyword,"We are also subject to other geopolitical risks, including acts or threats of international or domestic terrorism, including responses by the U.S. or other governments thereto, corporate espionage, civil unrest and/or military conflicts, including the escalation of tensions between China and Taiwan, which could adversely affect business, market trade and general economic conditions abroad and in the U.S. Adverse developments in or expansions of existing military conflicts (e.g., Russia/Ukraine, Middle East) or new military conflicts could also negatively impact commodity and other financial markets, as well as economic conditions. Widening regional conflicts resulting in the involvement of neighboring countries and/or North Atlantic Treaty Organization member countries and/or military conflicts in other areas of the world could result in additional economic disruptions, financial market volatility, higher inflation and changes to asset valuations, which could disrupt our operations and adversely affect our results of operations. Also, the use of cyberattacks or campaigns, cyberespionage or other unauthorized access to networks and systems by nation states or their proxies, including utilizing emerging technologies such as AI, has increased and threatens our and our third parties' operations and information systems, and the financial systems and infrastructure upon which we rely.

The uncertainty around the U.S. government's debt levels and ceiling and a growing federal budget deficit could lead to further credit rating downgrades and/or defaults on its debt. The recurrence of a prolonged government shutdown could weaken the U.S. dollar, cause market volatility, negatively impact the global economy and banking system and adversely affect our financial condition, including our liquidity. Also, changes in fiscal, monetary, regulatory, trade and/or foreign policy, employment levels, wage pressures, supply chain disruptions and higher inflation, could increase our compliance costs and adversely affect our business operations, organizational structure and results of operations. Emerging market currency values and monetary policy settings are particularly sensitive to such changes in U.S. monetary policy. Also, fluctuations in U.S. interest rates and/or tariff rates, could result in additional currency volatility in a number of non-U.S. markets."
NVDA-2026-033,NVDA,technology,0,0,0,0,1,0,keyword,"• potential issuances of debt to finance our acquisitions, resulting in increased debt, increased interest expense, and compliance with debt covenants or other restrictions;

• the potential for our acquisitions to result in dilutive issuances of our equity securities;

• the potential variability of the amount and form of any performance-based consideration;

• negative changes in general economic conditions in the regions or the industries in which we or our target operate;

• exposure to additional cybersecurity risks and vulnerabilities; and

• impairment of relationships with, or loss of our or our target's employees, vendors and customers.

For example, when integrating acquisition target systems into our own, we have experienced and may continue to experience challenges including lengthy and costly systems integration, delays in purchasing and shipping products, difficulties with system integration via electronic data interchange and other processes with our key suppliers and customers, and training and change management needs of integration personnel. These challenges have impacted our results of operations and may continue to do so in the future.

We receive a significant amount of our revenue from a limited number of partners and distributors and we have a concentration of sales to customers who purchase directly or indirectly from us, and our revenue could be adversely affected if we lose or are prevented from selling to any of these customers."
NVDA-2025-059,NVDA,technology,0,0,0,0,1,0,keyword,"In the United States, federal, state and local authorities have enacted numerous data privacy and security laws, including for data breach notification, personal data privacy and consumer protection. Numerous U.S. states have enacted comprehensive privacy laws that impose certain obligations on covered businesses, including providing specific disclosures in privacy notices and affording residents with certain rights concerning their personal data. As applicable, such rights may include the right to access, correct, or delete certain personal data, and to opt-out of certain data processing activities, such as targeted advertising, profiling and automated decision-making. The exercise of these rights may impact our business and ability to provide our products and services. Certain states also impose stricter requirements for processing certain personal data, including sensitive information, such as conducting data privacy impact assessments. These state laws allow for statutory fines for noncompliance. For example, the California Consumer Privacy Act of 2018, as amended by the California Privacy Rights Act of 2020, or CPRA, or collectively the CCPA, gives California residents the right to access, delete and opt-out of certain sharing of their personal information, and to receive detailed information about how it is used and shared. The CCPA provides for substantial fines for intentional violation and the law created a private right of action for certain data breaches. Similar laws are being considered in several other states, as well as at the federal and local levels. Additionally, several states and localities have enacted measures related to the use of AI and machine learning in products and services. If we become subject to additional data privacy laws, the risk of enforcement action against us could increase."
CVX-2024-013,CVX,energy,0,0,0,1,0,1,keyword,"The ultimate effect of international agreements; national, regional, and state legislation and regulation; and government and private actions related to GHG emissions and climate change on the company's financial performance, and the timing of

these effects, will depend on a number of factors. Such factors include, among others, the sectors covered, the GHG emissions reductions required, standardized carbon accounting, the extent to which Chevron would be able to receive, generate, or purchase credits, the price and availability of credits and the extent to which the company is able to recover, or continue to recover, the costs incurred through the pricing of the company's products in the competitive marketplace. Further, the ultimate impact of GHG emissions and climate change-related agreements, legislation, regulation, and government actions on the company's financial performance is highly uncertain because the company is unable to predict with certainty, for a multitude of individual jurisdictions, the outcome of political decision-making processes, including the actual laws and regulations enacted, the variables and trade-offs that inevitably occur in connection with such processes, and market conditions, including the responses of consumers to such changes.

Increasing attention to environmental, social, and governance (ESG) matters impacts our company Increasing attention to ESG matters, including those related to climate change and sustainability, increasing societal, investor and legislative pressure on companies to address ESG matters, and potential customer and consumer use of substitutes to Chevron's products have resulted and may continue to result in changes to the portfolio and company activities, increased costs, reduced demand for our products, reduced profits, increased investigations and litigation or threats thereof, negative impacts on our stock price and access to capital markets, impaired participation in public discourse and debate by the company relating to mandatory and voluntary standards and regulations, and damage to our reputation. For example, increasing attention to ESG matters, including climate change, may result in demand shifts for our hydrocarbon products and additional litigation and governmental investigations, or threats thereof, against the company. For instance, we have received investigative requests and demands from the U.S. Congress for information relating to climate change, methane leak detection and repair, and other topics, and further requests and/or demands are possible. At this time, Chevron cannot predict the ultimate impact any Congressional or other investigations may have on the company. Information related to climate-change related litigation matters is included in Note 16 Litigation under the heading ""Climate Change."""
NVDA-2025-008,NVDA,technology,0,0,0,0,0,0,keyword,"• competing technologies and competitor product releases, announcements or other actions;

• changes in business and economic conditions;

• sudden or sustained government lockdowns or public health issues;

• rapidly changing technology or customer requirements;

• the availability of sufficient data center capacity or energy for customers to procure;

• new product introductions and transitions resulting in less demand for existing products;

• new or unexpected end-use cases;

• increase in demand for competitive products;

• changes in end-user demand;

• purchasing decisions made, and inventory levels held by, distributors, ODMs, OEMs, system integrators, other channel partners and other third parties;

• the ability of developers, end customers and other third parties to build, enhance, and maintain accelerated computing applications that leverage our platforms;

• the availability of third-party content on our platforms, such as GeForce NOW;

• the demand for accelerated computing, AI-related cloud services, or large language models;

• changes that impact the ecosystem for the architectures underlying our products and technologies;

• government actions or changes in governmental policies, such as export controls, increased restrictions on gaming usage, or tariffs; and

• our customers' ability to invest in AI infrastructure.

Challenges in estimating demand could become more pronounced or volatile in the future on both a global and regional basis. Extended lead times may occur if we experience other supply constraints caused by natural disasters, pandemics or other events. In addition, geopolitical tensions, such as those involving Taiwan and China, which comprise a significant portion of our revenue and where we have suppliers, contract manufacturers, and assembly partners who are critical to our supply continuity, could have a material adverse impact on us."
MSFT-2025-022,MSFT,technology,0,0,1,1,0,0,keyword,"OPERATIONAL RISKS

We may have excessive outages, data losses, and disruptions of our online services if we fail to maintain an adequate operations infrastructure. Our increasing user traffic, growth in services, and the complexity of our products and services demand more computing power. We spend substantial amounts to build, purchase, or lease datacenters and equipment and to upgrade our technology and network infrastructure to handle more traffic on our websites and in our datacenters. Our datacenters depend on the availability of permitted and buildable land, predictable energy, networking supplies, and servers, including graphics processing units and other components. The cost or availability of these dependencies could be adversely affected by a variety of factors, including the transition to a clean energy economy, local and regional environmental regulations, and geopolitical disruptions. These demands continue to increase as we introduce new products and services and support the growth and the augmentation of existing services, including through the incorporation of AI features and/or functionality. We are rapidly growing our business of providing a platform and back-end hosting for services provided by third parties to their end users. Maintaining, securing, and expanding this infrastructure is expensive and complex, and requires development of principles for datacenter builds in geographies with higher safety and reliability risks. It requires that we maintain an Internet connectivity infrastructure and storage and compute capacity that is robust and reliable within competitive and regulatory constraints that continue to evolve. Inefficiencies or operational failures, including temporary or permanent loss of customer data, outages, insufficient Internet connectivity, insufficient or unavailable power or water supply, or inadequate storage and compute capacity could diminish the quality of our products, services, and user experience, resulting in contractual liability, claims by customers and other third parties, regulatory actions, damage to our reputation, and loss of current and potential users, subscribers, and advertisers, each of which could adversely affect our business, operations, financial condition, and results of operations."
JPM-2026-004,JPM,banking,0,0,0,1,0,0,keyword,"""penalties"" means fines, penalties or other sanctions imposed by governmental authorities.

Legal and Regulatory

JPMorganChase's businesses are highly regulated and are significantly affected by applicable law and supervisory expectations.

JPMorganChase must comply with applicable law in all of the jurisdictions around the world where it does business. Like other financial services firms, JPMorganChase is subject to extensive supervision and regulation that significantly affects the way that it conducts its business and structures its operations. The supervisory and regulatory framework also imposes requirements for JPMorganChase to implement and maintain compliance programs, and the complexity of these programs can increase its risks of non-compliance. In addition, entering into or acquiring a new business or expanding current business could increase the scope of applicable law or supervision and regulation to which JPMorganChase is subject.

JPMorganChase has in the past and could in the future be required to modify its business and operations in response to changes in applicable law, regulatory decisions or supervisory expectations, such as:

• limiting the products and services that it offers

• increasing the prices that it charges for products and services, which could reduce the demand for them

• reducing the liquidity that it provides through market-making activities"
NVDA-2024-019,NVDA,technology,1,1,1,0,0,0,keyword,"Adverse developments affecting financial institutions, such as bank failures or instability, or concerns or speculation about similar events or risks, could lead to market-wide liquidity problems and other disruptions, which could impact our customers' ability to fulfill their payment obligations to us, our vendors' ability to fulfill their contractual obligations to us, or our ability to fulfill our own obligations.

Additionally, we maintain an investment portfolio of various holdings, types, and maturities. These investments are subject to general credit, liquidity, market and interest rate risks, which may be exacerbated by market downturns or events that affect global financial markets, as described above. A majority of our investment portfolio comprises USG securities. A decline in global financial markets for long periods or a downgrade of the USG credit rating due to an actual or threatened default on government debt could result in higher interest rates, a decline in the value of the U.S. dollar, reduced market liquidity or other adverse conditions. These factors could cause an unrealized or realized loss position in our investments or require us to record impairment charges.

International sales and operations are a significant part of our business, which exposes us to risks that could harm our business."
COP-2024-004,COP,energy,0,0,0,0,0,1,keyword,"In 2021, we established our Low-Carbon Technologies organization to identify and evaluate business opportunities that address end-use emissions and early-stage low-carbon technology opportunities that would leverage our existing expertise and adjacencies. Our investments in these technologies may expose us to numerous financial, legal, operational, reputational and other risks. While we perform a thorough analysis on these investments, the related technologies and markets are at early stages of development and we do not yet know what rate of return we will achieve, if any. Furthermore, we may not be able to deploy such technologies at a commercial scale. The success of our low-carbon strategy will depend in part upon the cooperation of government agencies, the support of stakeholders, our ability to research and forecast potential investments, and our ability to apply our existing strengths and expertise to new technologies, projects and markets.

Estimates of crude oil, bitumen, natural gas and NGL reserves are imprecise and may be subject to revision, and any material change in the factors and assumptions underlying our estimates of crude oil, bitumen, natural gas and NGL reserves could impair the quantity and value of those reserves.

Our proved reserve information included in this annual report represents management's best estimates based on assumptions, as of a specified date, of the volumes to be recovered from underground accumulations of crude oil, bitumen, natural gas and NGLs. Such volumes cannot be directly measured, and the estimates and underlying assumptions used by management are subject to substantial risk and uncertainty. Any material changes in the factors and assumptions underlying our estimates of these items could result in a material negative impact to the volume of reserves reported or could cause us to incur impairment expenses on property associated with the production of those reserves. Future reserve revisions could also result from changes in, among other things, governmental regulation and commodity prices. For more information on estimates used, see the "" Critical Accountin g Estimates "" section of Management's Discussion and Analysis of Financial Condition and Results of Operations ."
AAPL-2023-001,AAPL,technology,0,1,0,0,0,0,keyword,"Adverse macroeconomic conditions, including slow growth or recession, high unemployment, inflation, tighter credit, higher interest rates, and currency fluctuations, can adversely impact consumer confidence and spending and materially adversely affect demand for the Company's products and services. In addition, consumer confidence and spending can be materially adversely affected in response to changes in fiscal and monetary policy, financial market volatility, declines in income or asset values, and other economic factors.

In addition to an adverse impact on demand for the Company's products and services, uncertainty about, or a decline in, global or regional economic conditions can have a significant impact on the Company's suppliers, contract manufacturers, logistics providers, distributors, cellular network carriers and other channel partners, and developers. Potential outcomes include financial instability; inability to obtain credit to finance business operations; and insolvency.

Adverse economic conditions can also lead to increased credit and collectibility risk on the Company's trade receivables; the failure of derivative counterparties and other financial institutions; limitations on the Company's ability to issue new debt; reduced liquidity; and declines in the fair values of the Company's financial instruments. These and other impacts can materially adversely affect the Company's business, results of operations, financial condition and stock price."
COP-2024-011,COP,energy,0,0,0,1,0,1,keyword,"Additionally, in 2023, the U.S. joined the international community at the 28th Conference of the Parties (COP28), where the U.S. and nearly 200 other countries, including most of the countries in which we operate, renewed their commitment to deliver on the aims of the 2015 Paris Agreement. COP28 included a decision on the world's first 'global stocktake' to ratchet up climate action before the end of the decade — including a goal to triple renewable energy capacity by 2030 — and for the first time its final agreement explicitly recommended ""transitioning away from fossil fuels in the energy system."" The implementation of current agreements and regulatory measures, as well as any future agreements or measures addressing climate change and GHG emissions, may adversely increase our capital and operating expenses,

ConocoPhillips 2023 10-K

Risk Factors

impact the demand for our products, impose taxes on our products or operations, or require us to purchase emission credits or reduce emissions of GHGs from our operations. For example, in August 2022, the U.S. enacted the Inflation Reduction Act of 2022, which includes a charge on methane emissions from selected facilities in the oil and gas industry, including many of the facilities operated by ConocoPhillips. As a result, we may incur substantial capital expenditures and compliance, operating, maintenance and remediation costs, any of which may have an adverse effect on our business and results of operations."
COP-2025-012,COP,energy,0,1,0,1,0,1,keyword,"Furthermore, in December 2023, the EPA published a final rule that revises the regulations governing, among other things, the emission of methane and volatile organic compounds from new oil and gas production facilities and emission guidelines for states to use when revising Clean Air Act implementation plans to limit methane emissions from existing oil and gas facilities. Also pursuant to the Inflation Reduction Act of 2022, the EPA published certain rules in 2024 to facilitate the determination and payment of a charge on methane emissions from selected facilities in the oil and natural gas industry, including many of the facilities operated by ConocoPhillips. These final rules could result in additional capital expenditures and compliance, operating and maintenance costs, any of which may have an adverse effect on our business and results of operations.

Additionally, in 2023, at the international community at the 28th Conference of the Parties (COP28), nearly 200 countries, including most of the countries in which we operate, renewed their commitment to deliver on the aims of the 2015 Paris Agreement. COP28 included a decision on the world's first 'global stocktake' to ratchet up climate action before the end of the decade — including a goal to triple renewable energy capacity by 2030 — and for the first time its final agreement explicitly recommended ""transitioning away from fossil fuels in the energy system."""
COP-2026-000,COP,energy,0,1,0,0,0,0,keyword,"You should carefully consider the following risk factors in addition to the other information included in this Annual Report on Form 10-K. These risk factors are not the only risks we face. Our business could also be affected by additional risks and uncertainties not currently known to us or that we currently consider to be immaterial. If any of these risks or other risks that are yet unknown or currently considered immaterial were to occur, our business, operating results and financial condition, as well as the value of an investment in our common stock, could be materially and adversely affected.

Risks Related to Our Industry

Our operating results, our ability to execute on our strategy and the carrying value of our assets are exposed to the effects of volatile commodity prices or prolonged periods of low commodity prices.

Among the most significant factors impacting our revenues, operating results and future rate of growth are the sales prices for crude oil, bitumen, LNG, natural gas and NGLs. These prices are tied to market prices that can fluctuate widely due to factors beyond our control. For example, over the course of 2025, WTI crude oil prices ranged from a high of $80 per barrel in January to a low of $55 per barrel in December. Given the volatility in the drivers of commodity prices and our associated realizations, the worldwide political and economic environment, including potential economic slowdowns or recessions, unexpected shocks to supply and demand, or increased uncertainty generated by armed hostilities and geopolitical tension and escalations in various oil-producing regions around the globe, prices for crude oil, bitumen, LNG, natural gas and NGLs may continue to be volatile."
MSFT-2026-036,MSFT,technology,0,0,0,0,0,0,keyword,"Third parties may claim that we infringe their intellectual property. From time to time, others claim we infringe their intellectual property rights, including current copyright infringement and other claims arising from AI training, inference, and output. To resolve these claims, we may enter into royalty-bearing data access or licensing agreements on terms that are less favorable than currently available, stop selling or redesign affected products or services, or pay damages to satisfy indemnification commitments with our customers. Adverse outcomes could also include monetary damages or injunctive relief that may limit or prevent importing, marketing, and selling our products or services that have infringing technologies. We have paid significant amounts to settle claims related to the use of technology and intellectual property rights and to procure intellectual property rights as part of our strategy to manage this risk, and may continue to do so, which could adversely affect our results of operations.

GENERAL RISKS

If our reputation or our brands are damaged, our business and results of operations may be harmed . Our reputation and brands are globally recognized and are important to our business. Our reputation and brands affect our ability to attract and retain consumer, business, and public-sector customers. There are numerous ways our reputation or brands could be damaged. These include product safety, quality, or accessibility issues, our environmental impact and sustainability, supply chain practices, or human rights record. We may experience backlash from customers, government entities, advocacy groups, employees, and other stakeholders that disagree with our product offering"
AAPL-2025-034,AAPL,technology,1,0,1,0,0,0,keyword,"The Company distributes its products and certain of its services through third-party cellular network carriers and other resellers. The Company also sells its products and services directly to small and mid-sized businesses and education, enterprise and government customers. A substantial majority of the Company's outstanding trade receivables are not covered by collateral, third-party bank support or financing arrangements, or credit insurance, and a significant portion of the Company's trade receivables can be concentrated within cellular network carriers or other resellers. The Company's exposure to credit and collectibility risk on its trade receivables is higher in certain international markets. The Company also has unsecured vendor non-trade receivables resulting from purchases of components by outsourcing partners and other vendors that manufacture subassemblies or assemble final products for the Company. In addition, the Company has made prepayments associated with long-term supply agreements to secure supply of inventory components. As of September 27, 2025, the Company's vendor non-trade receivables were concentrated among a few individual vendors located primarily in Asia. If the Company is unable to monitor and limit exposure to credit risk on its trade and vendor non-trade receivables, as well as long-term prepayments, the Company's results of operations, financial condition and stock price could be materially adversely affected."
NVDA-2025-056,NVDA,technology,0,0,0,1,0,0,keyword,"Concerns relating to the responsible use of new and evolving technologies, such as AI, in our products and services may result in reputational or financial harm and liability and may cause us to incur costs to resolve such issues. We are increasingly building AI capabilities and protections into many of our products and services, and we also offer stand-alone AI applications. AI poses emerging legal, social, and ethical issues and presents risks and challenges that could affect its adoption, and therefore our business. If we enable or offer solutions that draw controversy due to their perceived or actual impact on society, such as AI solutions that have unintended consequences, infringe copyright or rights of publicity, or are controversial because of their impact on human rights, privacy, employment or other social, economic or political issues, or if we are unable to develop effective internal policies and frameworks relating to the responsible development and use of AI models and systems offered through our sales channels, we may experience brand or reputational harm, competitive harm or legal liability. Leveraging AI capabilities to potentially improve our internal functions and operations may present further risks, costs, and challenges. Complying with multiple regulations from different jurisdictions related to AI may further increase our cost of doing business, may change the way that we operate in certain jurisdictions, and may impede our ability to offer certain products and services in certain jurisdictions if we are unable to comply with regulations. Compliance with existing and proposed government regulation of AI, including in jurisdictions such as the European Union, may further increase the cost of related research and development, and create additional reporting and/or transparency requirements. For example, regulation adopted in response to the European Union Code of Practice for General Purpose Artificial Intelligence could require us to notify the European Commission regarding details of some of our Trustworthy AI processes related to our risk framework. Furthermore, changes in AI-related regulation could disproportionately impact and disadvantage us and require us to change our business practices, which may negatively impact our financial results. Our failure to adequately address concerns and regulations relating to the responsible use of AI by us or others could undermine public confidence in AI and slow adoption of AI in our products and services or cause reputational or financial harm."
BAC-2026-015,BAC,banking,1,0,0,0,0,0,keyword,"If the FDIC and Federal Reserve jointly determine that Bank of America Corporation's resolution plan is not credible, they could impose more stringent capital or liquidity requirements or restrictions on our growth, activities or operations. We could also be required to take certain actions that could impose operating costs and result in the divestiture of assets or restructuring of businesses and subsidiaries.

When a G-SIB such as Bank of America Corporation is in default or danger of default, the FDIC may be appointed receiver to conduct an orderly liquidation, and could, among other things,

invoke the orderly liquidation authority, instead of the U.S. Bankruptcy Code, if the Secretary of the Treasury makes certain financial distress and systemic risk determinations. Also, the FDIC could replace Bank of America Corporation with a bridge holding company, which could continue operations and result in an orderly resolution of the underlying bank, but whose equity would be held solely for the benefit of our creditors. The FDIC's ""single point of entry"" strategy may result in our security holders suffering greater losses than would have been the case under a bankruptcy proceeding or a different resolution strategy.

If the Corporation is resolved under the U.S. Bankruptcy Code or the FDIC's orderly liquidation authority, third-party creditors of our subsidiaries may receive significant or full recoveries on their claims, while security holders of Bank of America Corporation could face significant or complete losses."
AAPL-2024-031,AAPL,technology,0,0,0,1,0,0,keyword,"The Company makes statements about its use and disclosure of personal information through its privacy policy, information provided on its website, press statements and other privacy notices provided to customers. Any failure by the Company to comply with these public statements or with federal, state or international privacy or data protection laws and regulations could result in inquiries or proceedings against the Company by governmental entities or others. In addition to reputational impacts, penalties could include ongoing audit requirements and significant legal liability.

In addition to the risks generally relating to the collection, use, retention, security and transfer of personal information, the Company is also subject to specific obligations relating to information considered sensitive under applicable laws, such as health data, financial data and biometric data. Health data and financial data are subject to additional privacy, security and breach notification requirements, and the Company is subject to audit by governmental authorities regarding the Company's compliance with these obligations. If the Company fails to adequately comply with these rules and requirements, or if health data or financial data is handled in a manner not permitted by law or under the Company's agreements with healthcare or financial institutions, the Company can be subject to litigation or government investigations, and can be liable for associated investigatory expenses, and can also incur significant fees or fines."
MSFT-2025-036,MSFT,technology,0,0,1,1,1,0,keyword,"PART I

Item 1A

Catastrophic events or geopolitical conditions could disrupt our business. A disruption or failure of our systems, operations, or supply chain because of a major earthquake, weather event, cyberattack, terrorist attack, pandemic, or other catastrophic event could cause delays in completing sales, providing services, or performing other critical functions. Our corporate headquarters, a significant portion of our research and development activities, and certain other essential business operations are in the Seattle, Washington area, and we have other business operations in the Silicon Valley area of California, both of which are seismically active regions. A catastrophic event that results in the destruction or disruption of any of our critical business or systems, or the infrastructure or systems they rely on, such as power grids, could harm our ability to conduct normal business operations or adversely affect our results of operations. Providing our customers with more services and solutions in the cloud puts a premium on the resilience of our systems and strength of our business continuity management plans and magnifies the potential negative consequences of prolonged service outages.

Abrupt political change, terrorist activity, and armed conflict, such as the ongoing conflict in Ukraine, pose economic and other risks, which may negatively impact our ability to sell to and collect from customers, increase our operating costs, or otherwise disrupt our operations in markets both directly and indirectly impacted by such events. These conditions also may add uncertainty to the timing and budget for technology investment decisions by our customers and may cause supply chain disruptions for hardware manufacturers. Geopolitical change may result in changing regulatory systems and requirements and market interventions that could impact our operating strategies, access to national, regional, and global markets, hiring, and profitability. Geopolitical instability may lead to sanctions and impact our ability to do business in some markets or with some public-sector customers. Any of these changes could adversely affect our results of operations. Changes in geopolitical conditions also increase the security risks described elsewhere in these risk factors."
JPM-2026-025,JPM,banking,1,0,0,0,1,0,keyword,"value of the instrument. Any of these factors could cause a decline in the value of financial instruments that JPMorganChase owns or in which it makes markets, which could have an adverse effect on its results of operations. Furthermore, JPMorganChase's hedging and other risk management strategies may not always be effective, and it could incur significant losses, if extreme market events were to occur.

Credit

JPMorganChase could be negatively affected by adverse changes in the financial condition of clients, counterparties, CCPs and other market participants.

JPMorganChase routinely executes transactions with clients and counterparties such as corporations, financial institutions, asset managers, hedge funds, securities exchanges and government entities globally. Many of these transactions expose JPMorganChase to the credit risk of its clients and counterparties, and JPMorganChase could incur losses and become involved in disputes and litigation in connection with a default by a client or counterparty. JPMorganChase could also face losses or liability if a financial institution providing custodial services for client assets becomes insolvent.

If a CCP through which JPMorganChase executes contracts suffers a financial or operational failure or otherwise defaults, JPMorganChase would be required to replace the relevant contracts, which would increase its operational costs and potentially result in losses. In addition, if a member of a CCP in which JPMorganChase is also a member defaults on its obligations to the CCP, JPMorganChase could incur losses due to requirements that each member of the CCP absorb a portion of those losses. Furthermore, JPMorganChase could be subject to bearing its share of non-default losses incurred by a CCP, including losses from custodial, settlement or investment activities or due to cyber or other security breaches."
AAPL-2025-001,AAPL,technology,0,1,1,0,0,0,keyword,"Adverse macroeconomic conditions, including slow growth or recession, high unemployment, inflation, tighter credit, higher interest rates, and currency fluctuations, can adversely impact consumer confidence and spending and materially adversely affect demand for the Company's products and services. In addition, consumer confidence and spending can be materially adversely affected in response to changes in fiscal and monetary policy, financial market volatility, declines in income or asset values, and other economic factors.

Uncertainty about, or a decline in, global or regional economic conditions can also have a significant impact on the Company's suppliers, contract manufacturers, logistics providers, distributors, cellular network carriers and other channel partners, and developers. Potential outcomes include financial instability; inability to obtain credit to finance business operations; and insolvency.

Adverse economic conditions can also lead to increased credit and collectibility risk on the Company's trade receivables; the failure of derivative counterparties and other financial institutions; limitations on the Company's ability to issue new debt; reduced liquidity; and declines in the fair values of the Company's financial instruments. These and other impacts can materially adversely affect the Company's business, results of operations, financial condition and stock price.

Apple Inc. | 2025 Form 10-K | 5

The Company's business can be impacted by political events, trade and other international disputes, geopolitical tensions, conflict, terrorism, natural disasters, public health issues, industrial accidents and other business interruptions."
AAPL-2023-012,AAPL,technology,0,0,1,1,0,0,keyword,"The Company offers complex hardware and software products and services that can be affected by design and manufacturing defects. Sophisticated operating system software and applications, such as those offered by the Company, often have issues that can unexpectedly interfere with the intended operation of hardware or software products and services. Defects can also exist in components and products the Company purchases from third parties. Component defects could make the Company's products unsafe and create a risk of environmental or property damage and personal injury. These risks may increase as the Company's products are introduced into specialized applications, including health. In addition, the Company's service offerings can have quality issues and from time to time experience outages, service slowdowns or errors. As a result, from time to time the Company's services have not performed as anticipated and may not meet customer expectations. There can be no assurance the Company will be able to detect and fix all issues and defects in the hardware, software and services it offers. Failure to do so can result in widespread technical and performance issues affecting the Company's products and services. In addition, the Company can be exposed to product liability claims, recalls, product replacements or modifications, write-offs of inventory, property, plant and equipment or intangible assets, and significant warranty and other expenses, including litigation costs and regulatory fines. Quality problems can also adversely affect the experience for users of the Company's products and services, and result in harm to the Company's reputation, loss of competitive advantage, poor market acceptance, reduced demand for products and services, delay in new product and service introductions and lost sales."
XOM-2024-006,XOM,energy,0,0,0,1,1,1,keyword,"• government actions to cancel contracts, redenominate the official currency, renounce or default on obligations, renegotiate terms unilaterally, or expropriate assets.

Legal remedies available to compensate us for expropriation or other takings may be inadequate.

We also may be adversely affected by the outcome of litigation, especially in countries such as the United States in which very large and unpredictable punitive damage awards may occur; by government enforcement proceedings alleging non-compliance with applicable laws or regulations; or by state and local government actors as well as private plaintiffs acting in parallel that attempt to use the legal system to promote public policy agendas (including seeking to reduce the production and sale of hydrocarbon products through litigation targeting the company or other industry participants), gain political notoriety, or obtain monetary awards from the company. The continued adoption of similar legal practices in the European Union or elsewhere would broaden this risk and has begun to be applied to some of our competitors in the European Union.

Security concerns. Successful operation of particular facilities or projects may be disrupted by civil unrest, acts of sabotage or terrorism, cybersecurity attacks, the application of national security laws or policies that result in restricting our ability to do business in a particular jurisdiction, and other local security concerns. Such concerns may be directed specifically at our company, our industry, or as part of broader movements and may require us to incur greater costs for security or to shut down operations for a period of time."
BAC-2026-058,BAC,banking,0,0,0,1,0,1,keyword,"Our climate-related strategies, policies, and disclosures, which may evolve over time, our climate-related goals and targets and/or the environmental or climate impacts attributable to our products, services or transactions may impact legal and compliance risk and could result in reputational harm as a result of negative public sentiment, regulatory scrutiny, litigation and reduced investor and stakeholder confidence. Divergent stakeholder perspectives increase the likelihood that any action or inaction we take regarding climate-related matters will be perceived negatively, which could adversely impact our reputation and businesses. Achieving our climate-related goals and targets, including our goals to achieve net zero greenhouse gas (GHG) emissions before 2050 in our financing activities, operations and supply chain, our interim 2030 GHG targets, including financed emissions, and our sustainable finance goals, are subject to risks and uncertainties, many outside of our control, such as technological advances, clearly defined industry sector roadmaps, public policies, better emissions data reporting and engagement with clients, suppliers, investors, government officials and other stakeholders. Climate-related risks continue to evolve and are difficult to predict, identify, monitor and effectively mitigate, and could adversely affect us.

Our ability to attract, develop and retain qualified employees is critical to our success, business prospects and competitive position."
MSFT-2024-010,MSFT,technology,0,0,1,0,1,0,keyword,"Inadequate account security or organizational security practices, including those of companies we have acquired or those of the third parties we utilize, have resulted and may result in unauthorized access to our IT systems and data, including customer systems and data, in the future. For example, system administrators may fail to timely remove employee account access when no longer appropriate. Employees or third parties may intentionally compromise our or our users' security or systems or reveal confidential information. Malicious actors may employ the IT supply chain to introduce malware through software updates or compromised supplier accounts or hardware.

Cyberthreats are constantly evolving and becoming increasingly sophisticated and complex, increasing the difficulty of detecting and successfully defending against them. Threat actors may also utilize emerging technologies, such as AI and machine learning. We may have no current capability to detect certain vulnerabilities or new attack methods, which may allow them to persist in the environment over long periods of time. It may be difficult to determine the best way to investigate, mitigate, contain, and remediate the harm caused by a cyber incident. Such efforts may not be successful, and we may make errors or fail to take necessary actions. It is possible that threat actors may gain undetected access to other networks and systems after establishing a foothold on an internal system. Cyber incidents and attacks can have cascading impacts that unfold with increasing speed across our internal networks and systems, as well as those of our partners and customers. In addition, it may take considerable time for us to investigate and evaluate the full impact of incidents, particularly for sophisticated attacks. These factors may inhibit our ability to provide prompt, full, and reliable information about the incident to our customers, partners, regulators, and the public. Breaches of our facilities, network, or data security can disrupt the security of our systems and business applications, impair our ability to provide services to our customers and protect the privacy of their data, result in product development delays, compromise confidential or technical business information, result in theft or misuse of our intellectual property or other assets, subject us to ransomware attacks, require us to allocate more resources to improve technologies or remediate the impacts of attacks, or otherwise adversely affect our business. In addition, actions taken to remediate an incident could result in outages, data losses, and disruptions of our services."
CVX-2024-000,CVX,energy,0,1,1,0,0,1,keyword,"As a global energy company, Chevron is subject to a variety of risks that could materially impact the company's results of operations and financial condition.

BUSINESS AND OPERATIONAL RISK FACTORS

Chevron is exposed to the effects of changing commodity prices Chevron is primarily in a commodities business that has a history of price volatility. The most significant factor that affects the company's results of operations is the price of crude oil, which can be influenced by general economic conditions and level of economic growth, including low or negative growth; industry production and inventory levels; technology advancements, including those in pursuit of a lower carbon economy; production quotas or other actions that might be imposed by the Organization of Petroleum Exporting Countries or other producers; weather-related damage and disruptions due to other natural or human causes beyond our control; competing fuel prices; geopolitical risks; the pace of energy transition; customer and consumer preferences and the use of

substitutes; and governmental regulations, policies and other actions regarding the development of oil and gas reserves, as well as greenhouse gas emissions and climate change. Chevron evaluates the risk of changing commodity prices as a core part of its business planning process. An investment in the company carries significant exposure to fluctuations in global crude oil prices."
CVX-2026-002,CVX,energy,0,0,1,0,1,1,keyword,"The scope of Chevron's business will decline if the company does not successfully develop resources The company is in an extractive business; therefore, if it is not successful in replacing the crude oil and natural gas it produces with good prospects for future organic opportunities or through acquisitions, exploration or technology, the company's business will decline. Creating and maintaining an inventory of economic projects depends on many factors, including obtaining and renewing rights to explore, develop and produce hydrocarbons; drilling success; reservoir optimization; technology advancements; ability to bring long-lead-time, capital-intensive projects to completion on budget and on schedule; partner alignment, including strategic support; and efficient and profitable operation of mature properties.

The company's operations could be disrupted by natural or human causes beyond its control Chevron operates in both urban areas and remote and sometimes inhospitable regions. The company's operations are therefore subject to disruption from natural or human causes beyond its control, including risks from hurricanes, severe storms, floods, heat waves, and other forms of severe weather; wildfires; ambient temperature increases; sea level rise; war or other military conflicts such as the conflict between Russia and Ukraine and in the Middle East; accidents; civil unrest; political events such as current geopolitical tensions in Venezuela; fires; earthquakes; system failures; cyber threats; terrorist acts; and epidemic or pandemic diseases, some of which may be impacted by climate change and any of which could result in suspension of operations or harm to people or the natural environment."
NVDA-2025-039,NVDA,technology,0,0,1,1,1,0,keyword,"We are subject to laws and regulations domestically and worldwide, affecting our operations in areas including, but not limited to, IP ownership and infringement; taxes; import and export requirements and tariffs; anti-corruption, including the Foreign Corrupt Practices Act; business acquisitions; foreign exchange controls and cash repatriation restrictions; foreign ownership and investment; data privacy requirements; competition and antitrust; advertising; employment; product regulations; cybersecurity; environmental, health, and safety requirements; the responsible use of AI; sustainability; cryptocurrency; and consumer laws. Compliance with such requirements can be onerous and expensive, could impact our competitive position, and may negatively impact our business operations and ability to manufacture and ship our products. There can be no assurance that our employees, contractors, suppliers, customers or agents will not violate applicable laws or the policies, controls, and procedures that we have designed to help ensure compliance with such laws, and violations could result in fines, criminal sanctions against us, our officers, or our employees, prohibitions on the conduct of our business, and damage to our reputation. Changes to the laws, rules and regulations to which we are subject, or changes to their interpretation and enforcement, could lead to materially greater compliance and other costs, and/or further restrictions on our ability to manufacture and supply our products and operate our business. For example, we may face increased compliance costs as a result of changes or increases in antitrust legislation, regulation, administrative rule making, increased focus from regulators on cybersecurity vulnerabilities and risks. Our position in markets relating to AI has led to increased interest in our business from regulators worldwide, including the European Union, the United States, the United Kingdom, South Korea and China. For example, the French Competition Authority collected information from us regarding our business and competition in the graphics card and cloud service provider market as part of an ongoing inquiry into competition in those markets. We have also received, and continue to receive, broad requests for information from competition regulators in the European Union, the United States, the United Kingdom, China, and South Korea regarding our sales of GPUs and other NVIDIA products, our efforts to allocate supply, foundation models and our investments, partnerships and other agreements with companies developing foundation models, the markets in which we compete and our competition, our strategies, roadmaps, and efforts to develop, market, and sell hardware, software, and system solutions, and our agreements with customers, suppliers, and partners."
MSFT-2024-000,MSFT,technology,0,0,0,0,0,0,keyword,"ITEM 1A. RIS K FACTORS

Our operations and financial results are subject to various risks and uncertainties, including those described below, that could adversely affect our business, operations, financial condition, results of operations, liquidity, and the trading price of our common stock.

STRATEGIC AND COMPETITIVE RISKS

We face intense competition across all markets for our products and services, which may adversely affect our results of operations.

Competition in the technology sector

Our competitors range in size from diversified global companies with significant research and development resources to small, specialized firms whose narrower product lines may let them be more effective in deploying technical, marketing, and financial resources. Barriers to entry in many of our businesses are low and many of the areas in which we compete evolve rapidly with changing and disruptive technologies, shifting user needs, and frequent introductions of new products and services. If we do not continue to innovate and provide products, devices, and services that appeal to businesses and consumers, we may not remain competitive, which may adversely affect our business, financial condition, and results of operations.

Competition among platform-based ecosystems

An important element of our business model has been to create platform-based ecosystems on which many participants can build diverse solutions. A well-established ecosystem creates beneficial network effects among users, application developers, and the platform provider that can accelerate growth. Establishing significant scale in the marketplace is necessary to achieve and maintain attractive margins. We face significant competition from firms that provide competing platforms."
CVX-2026-010,CVX,energy,0,0,0,1,0,1,keyword,"For information concerning the company's tax liabilities, see Note 17 Taxes and Note 24 Other Contingencies and Commitments .

Legislation, regulation, and other government actions and shifting customer and consumer preferences and other private efforts related to greenhouse gas (GHG) emissions and climate change could continue to increase Chevron's operational costs and reduce demand for Chevron's hydrocarbon and other products, resulting in a material adverse effect on the company's results of operations and financial condition Chevron has experienced and may be further challenged by increases in the impacts of international and domestic legislation, regulation, or other government actions relating to GHG emissions (e.g., carbon dioxide and methane) and climate change. International agreements and national, regional, and state legislation and regulatory measures that aim to directly or indirectly limit or reduce GHG emissions are in various stages of implementation."
AAPL-2023-014,AAPL,technology,0,0,0,0,0,0,keyword,"The Company relies on access to third-party intellectual property, which may not be available to the Company on commercially reasonable terms or at all.

The Company's products and services are designed to include intellectual property owned by third parties, which requires licenses from those third parties. In addition, because of technological changes in the industries in which the Company currently competes or in the future may compete, current extensive patent coverage and the rapid rate of issuance of new patents, the Company's products and services can unknowingly infringe existing patents or intellectual property rights of others. From time to time, the Company has been notified that it may be infringing certain patents or other intellectual property rights of third parties. Based on experience and industry practice, the Company believes licenses to such third-party intellectual property can generally be obtained on commercially reasonable terms. However, there can be no assurance the necessary licenses can be obtained on commercially reasonable terms or at all. Failure to obtain the right to use third-party intellectual property, or to use such intellectual property on commercially reasonable terms, can preclude the Company from selling certain products or services, or otherwise have a material adverse impact on the Company's business, results of operations and financial condition."
COP-2025-011,COP,energy,0,0,0,1,0,1,keyword,"Existing and future laws, regulations and internal initiatives relating to global climate change, such as limitations on GHG emissions or provisions aimed at reducing such emissions, may impact or limit our business plans, result in significant expenditures, promote alternative uses of energy or reduce demand for our products.

Continuing political and societal attention to the issue of global climate change has resulted in both existing and pending international agreements and national, regional or local legislation and regulatory measures to limit GHG emissions, such as cap and trade regimes, specific emission standards, carbon taxes, restrictive permitting, increased fuel efficiency standards and incentives or mandates for renewable and alternative energy. Although we may support the intent of legislative and regulatory measures aimed at addressing climate-related risks, the specifics of how and when they are enacted could result in a material adverse effect to our business, financial condition, results of operations and cash flows in future periods as well as our ability to implement and advance our Climate Risk Strategy.

ConocoPhillips 2024 10-K

Risk Factors

For example, in 2024, New York and Vermont passed legislation seeking to hold certain energy companies financially responsible for state climate change mitigation and adaptation measures, following the "" polluter pays "" model of existing Superfund laws. This responsibility may include paying into a fund for infrastructure repairs and recovery from extreme weather events that would otherwise be covered by the government. While only two U.S. states have enacted such laws to date, other states have introduced similar measures, and it is likely that more states will consider a similar approach. Compliance with such legislation may expose us to significant additional liabilities."
COP-2026-005,COP,energy,0,0,0,1,0,0,keyword,"ConocoPhillips 2025 10-K

Risk Factors

Our business may be adversely affected by price controls; government-imposed limitations on production or exports of crude oil, bitumen, LNG, natural gas and NGLs; or the unavailability of adequate gathering, processing, compression, transportation, and pipeline facilities and equipment for our production of crude oil, bitumen, natural gas and NGLs.

As discussed herein, our operations are subject to extensive governmental regulations across numerous jurisdictions. From time to time, regulatory agencies have imposed price controls and limitations on production by restricting the rate of flow of crude oil, bitumen, natural gas and NGLs wells below actual production capacity. Similarly, in response to increased domestic energy costs, circumstances determined to be in the economic or other interest of the country, or a declared national emergency, governments could restrict the export or import of our products which would adversely impact our business. For example, in January 2024, in response to concerns from environmental groups, the U.S. announced a temporary pause on new authorizations of certain LNG exports. The pause was subsequently lifted in January 2025. This pause and other difficulties in the regulatory approval processes may have an extended adverse impact on our global LNG business. Furthermore, because legal requirements are frequently changed and subject to interpretation, we cannot predict whether future restrictions on our business may be enacted or become applicable to us."
C-2026-007,C,banking,0,0,0,0,0,0,keyword,"Note: Mexico is included in Latin America (LATAM) within International.

(1) Fixed Income Markets consists of the Rates and Currencies and Spread Products and Other Fixed Income sub-businesses; Equity Markets consists of the Equity Derivatives, Equity Cash and Prime Services sub-businesses.

(2) Investment Banking consists of the Debt Capital Markets (DCM), Equity Capital Markets (ECM) and Advisory sub-businesses.

(3) Mexico Consumer/SBMM operates primarily through Grupo Financiero Banamex, S.A. de C.V. (Banamex) and its consolidated subsidiaries. Mexico Consumer/SBMM results of operations and certain balance sheet information are presented in a managerial view in this Form 10-K and include certain intercompany allocations, managerial charges and offshore expenses that reflect the Mexico Consumer/SBMM operations as a component of Citi's consolidated operations, and are not intended to reflect, and may differ significantly from, Banamex's results and operations as a standalone legal entity. For additional information, see "" All Other —Managed Basis—Legacy Franchises (Managed Basis)"" below.

(4) Primarily represents the two remaining exit countries (Poland and Korea).

(5) Within International, Citi is organized into six clusters: United Kingdom; Japan, Asia North and Australia (JANA); LATAM; Asia South; Europe; and Middle East, Africa and Russia (MEA). Although the chief operating decision maker (CODM) does not manage Citi's segments and All Other by cluster, Citi provides additional selected financial information (revenue and certain corporate credit metrics) below for the six clusters within International."
NVDA-2026-050,NVDA,technology,0,0,0,0,0,0,keyword,"Given the increasing strategic importance of AI and rising geopolitical tensions, the USG has changed and may again change the export control rules at any time and further subject a wider range of our products to export restrictions and licensing requirements, negatively impacting our business and financial results. In the event of such change, we may be unable to sell our inventory of such products and may be unable to develop replacement products not subject to the licensing requirements.

For example, the USG already imposed license conditions that limit the ability of foreign firms to create and offer as a service large-scale GPU clusters, such as imposing license conditions on the use of products to be exported to certain countries, and may impose additional conditions such as requiring chip tracking and throttling mechanisms that could disable or impair GPUs if certain events, including unauthorized system configuration, use, or location, are detected. Such government mandates in chip designs could introduce system vulnerabilities and expose us to significant risk and potential liability, negatively impact demand for our products, and could have a material impact on our business, operating results, and financial condition. Even if not enacted into binding legislation, draft bills have impacted and may in the future negatively impact our business. For example, following U.S. legislative proposals calling for mandatory features in our chips, China's government publicly questioned whether our H20 products have built-in vulnerabilities, discouraging customers from purchasing our products. We provided a public response explaining that our GPUs, including H20, do not include such built-in vulnerabilities, and will respond to any follow-up questions we receive."
JPM-2026-042,JPM,banking,0,0,0,0,1,0,keyword,"The cybersecurity risks that JPMorganChase faces could be intensified by factors such as:

• increased volume and complexity of cyber attacks during periods of heightened geopolitical tensions

• technological advances such as artificial intelligence (""AI"") and quantum computing that may enable malicious actors to develop more advanced social engineering attacks, including targeted phishing attacks, and

• technological advances which may counteract or nullify existing information security protections,

including cryptographic protections, potentially exposing data.

In addition, JPMorganChase could be required to make significant investments in technology in order to transition effectively to more robust security protections, including quantum-resistant encryption. Any such transition may not be completed before relevant threats become operational, and JPMorganChase's interconnectedness with third parties who may be slower to adopt such protections could further increase its vulnerability to data compromise.

Furthermore, a third-party could misappropriate confidential information obtained by intercepting signals or communications from mobile devices used by JPMorganChase's employees.

JPMorganChase could become increasingly vulnerable to cyber attacks if it does not, in a timely manner, identify and address emerging threats, known vulnerabilities or shortcomings in its cybersecurity controls, or if it fails to prioritize or complete enhancements to address them particularly in jurisdictions that could pose a heightened risk to its operations, including enhancements relating to:"
JPM-2026-005,JPM,banking,0,0,0,1,0,0,keyword,"• paying higher taxes or other governmental charges

• absorbing losses arising from fraudulent transactions perpetrated against its clients and customers

• disposing of certain assets, and doing so at disadvantageous times or prices

• forgoing business opportunities that it might otherwise pursue, or

• otherwise restricting its business activities.

These types of changes could increase JPMorganChase's costs or reduce its revenues. In addition, any failure by JPMorganChase to comply with applicable law or meet supervisory expectations could result in:

• increased regulatory scrutiny

• enforcement actions by governmental authorities

• the imposition of penalties

• increased exposure to litigation, or

• reputational harm.

Furthermore, regulators or governmental authorities could adopt new interpretations of applicable law or supervisory expectations, and in certain circumstances, JPMorganChase could be required to demonstrate that prior conduct complies with these new interpretations. This situation could increase the risks associated with non-compliance and result in the imposition of penalties or enforcement actions. In addition, the business or operations of financial services firms such as JPMorganChase may be negatively affected by executive orders or other executive branch actions that seek to regulate those businesses or operations.

Differences in the supervision and regulation of financial services firms could require JPMorganChase to modify its operations and incur higher operational and compliance costs."
AAPL-2024-014,AAPL,technology,0,0,0,0,0,0,keyword,"Apple Inc. | 2024 Form 10-K | 9

The Company's future performance depends in part on support from third-party software developers.

The Company believes decisions by customers to purchase its hardware products depend in part on the availability of third-party software applications and services. There can be no assurance third-party developers will continue to develop and maintain software applications and services for the Company's products. If third-party software applications and services cease to be developed and maintained for the Company's products, customers may choose not to buy the Company's products.

The Company believes the availability of third-party software applications and services for its products depends in part on the developers' perception and analysis of the relative benefits of developing, maintaining and upgrading such software and services for the Company's products compared to competitors' platforms, such as Android for smartphones and tablets, Windows for personal computers and tablets, and PlayStation, Nintendo and Xbox for gaming platforms. This analysis may be based on factors such as the market position of the Company and its products, the anticipated revenue that may be generated, expected future growth of product sales, and the costs of developing such applications and services.

The Company's minority market share in the global smartphone, personal computer and tablet markets can make developers less inclined to develop or upgrade software for the Company's products and more inclined to devote their resources to developing and upgrading software for competitors' products with larger market share. When developers focus their efforts on these competing platforms, the availability and quality of applications for the Company's devices can suffer."
CVX-2024-006,CVX,energy,0,0,0,1,0,0,keyword,"Further, on December 7, 2023, Chevron and Hess each received a request for additional information and documentary materials (Second Request) from the Federal Trade Commission (FTC) in connection with the FTC's review of the merger. Issuance of the Second Request extends the waiting period imposed by the Hart-Scott-Rodino Antitrust Improvements Act of 1976, as amended, until 30 days after Chevron and Hess have substantially complied with the Second Request, unless that period is extended voluntarily by Chevron and Hess or terminated sooner by the FTC.

The failure to satisfy all of the required conditions could delay the completion of the acquisition for a significant period of time or prevent it from occurring at all. In addition, the terms and conditions of the required regulatory authorizations and consents for the acquisition that are granted, if any, may impose requirements, limitations or costs or place restrictions on the conduct of the company's business after the transaction or materially delay the completion of the acquisition. A delay in completing the acquisition could cause the company to realize some or all of the benefits later than we otherwise expect to realize them if the acquisition is successfully completed within the anticipated timeframe, which could result in additional transaction costs or in other negative effects associated with uncertainty about completion of the acquisition."
COP-2025-005,COP,energy,0,0,0,0,0,0,keyword,"Estimates of crude oil, bitumen, natural gas and NGL reserves are imprecise and may be subject to revision, and any material change in the factors and assumptions underlying our estimates of crude oil, bitumen, natural gas and NGL reserves could impair the quantity and value of those reserves.

Our proved reserve information included in this annual report represents management's best estimates based on assumptions, as of a specified date, of the volumes to be recovered from underground accumulations of crude oil, bitumen, natural gas and NGLs. Such volumes cannot be directly measured, and the estimates and underlying assumptions used by management are subject to substantial risk and uncertainty. Any material changes in the factors and assumptions underlying our estimates of these items could result in a material negative impact to the volume of reserves reported or could cause us to incur impairment expenses on property associated with the production of those reserves. Future reserve revisions could also result from changes in, among other things, governmental regulation and commodity prices. For more information on estimates used, see the ""Critical Accounting Estimates"" section of Management's Discussion and Analysis of Financial Condition and Results of Operations .

ConocoPhillips 2024 10-K

Risk Factors

Our business may be adversely affected by price controls; government-imposed limitations on production or exports of crude oil, bitumen, LNG, natural gas and NGLs; or the unavailability of adequate gathering, processing, compression, transportation, and pipeline facilities and equipment for our production of crude oil, bitumen, natural gas and NGLs."
CVX-2025-009,CVX,energy,0,0,0,1,0,0,keyword,"For information concerning some of the litigation in which the company is involved, see Note 16 Litigation .

Political instability and significant changes in the legal and regulatory environment could harm Chevron's business The company's operations, particularly exploration and production, can be affected by changing political, regulatory and economic environments in the various countries in which it operates. As has occurred in the past, actions could be taken by governments to increase public ownership of the company's partially or wholly owned businesses, to force contract renegotiations, or to impose additional taxes, tariffs, royalties, fees, penalties or other costs. In a number of locations, including the European Union, governments have proposed or imposed restrictions on the company's operations, trade, currency exchange controls, burdensome taxes, and public disclosure requirements that might harm the company's competitiveness, return on investments, or relations with other governments or third parties. In other countries, political conditions have existed that may threaten the safety of employees and the company's continued presence in those countries, and internal unrest, acts of violence or strained relations between a government and the company or other governments may adversely affect the company's operations. Those developments have, at times, significantly affected the company's operations and results and are carefully considered by management when evaluating the level of current and future activity in such countries. Further, Chevron is required to comply with sanctions and other trade laws and regulations of the United States and other jurisdictions where we operate, such as sanctions imposed in Venezuela and Russia, which, depending upon their scope, could adversely impact the company's operations and financial results in these countries. In addition, litigation or changes in national, state or local environmental regulations or laws, including those"
CVX-2026-009,CVX,energy,0,0,0,1,0,0,keyword,"Legislative or regulatory changes in tax laws may expose Chevron to additional tax liabilities Changes in tax laws and regulations around the world are regularly enacted due to political or economic factors beyond the company's control. Chevron's taxes in the jurisdictions where the company conducts business activities have been and may be adversely affected by changes in tax laws or regulations, including but not limited to, substantive changes in, reductions in, or the repeal or expiration of, tax incentives. Furthermore, Chevron's tax returns are subject to audit by taxing authorities around the world. There is no assurance that taxing authorities or courts will agree with the positions that Chevron has reflected on the company's tax returns, in which case interest and penalties could be imposed that may have a material adverse effect on the company's results of operations or financial condition.

During periods of high profitability for certain companies or industries, there are often calls for increased taxes on profits, often called ""windfall profit"" taxes. Governments in various jurisdictions, including California and Australia, have announced, proposed, or implemented windfall profit taxes for companies operating in the energy and oil and gas sectors. Such taxes may be imposed on us or may be increased in the future in these or other jurisdictions. The imposition of, or increase in, such windfall profit taxes could adversely affect the company's current or anticipated future operations and profitability."
C-2026-004,C,banking,0,0,0,0,0,0,keyword,"• All Other (managed basis), excluding divestiture-related impacts

• Tangible common equity (TCE), return on tangible common equity (RoTCE) and tangible book value per share (TBVPS)

• Non- Markets net interest income

The following are details for the above non-GAAP financial measures:

• Citi's revenues excluding the Russia-related notable item represent as reported, or GAAP, financial results less this notable item. Citi believes its results excluding the Russia-related notable item are useful to investors, industry analysts and others in evaluating Citi's results of operations and comparing its operational performance between periods, by providing a meaningful depiction of the underlying fundamentals of period-to-period operating results, particularly given the outsized impact of the item, as well as additional comparability to peer companies.

• Citi's expenses excluding the Banamex-related notable item represent as reported, or GAAP, financial results less this notable item, within All Other —Legacy Franchises. For more information on this notable item, see ""Executive Summary"" and "" All Other —Managed Basis—Legacy Franchises (Managed Basis)"" below.

• Citi's net income and diluted EPS excluding the Russia-related and Banamex-related notable items represent as reported, or GAAP, financial results adjusted for these two notable items. Citi's expenses excluding the Banamex-related notable item represent as reported, or GAAP, financial results less the Banamex-related notable item. Citi believes its results excluding the Russia-related and Banamex-related notable items are useful to investors, industry analysts and others in evaluating Citi's results of operations and comparing its operational performance between periods, by providing a meaningful depiction of the underlying fundamentals of period-to-period operating results, particularly given the outsized impact of these items, as well as additional comparability to peer companies."
AAPL-2023-000,AAPL,technology,0,0,1,0,0,0,keyword,"The Company's business, reputation, results of operations, financial condition and stock price can be affected by a number of factors, whether currently known or unknown, including those described below. When any one or more of these risks materialize from time to time, the Company's business, reputation, results of operations, financial condition and stock price can be materially and adversely affected.

Because of the following factors, as well as other factors affecting the Company's results of operations and financial condition, past financial performance should not be considered to be a reliable indicator of future performance, and investors should not use historical trends to anticipate results or trends in future periods. This discussion of risk factors contains forward-looking statements.

This section should be read in conjunction with Part II, Item 7, ""Management's Discussion and Analysis of Financial Condition and Results of Operations"" and the consolidated financial statements and accompanying notes in Part II, Item 8, ""Financial Statements and Supplementary Data"" of this Form 10-K.

Macroeconomic and Industry Risks

The Company's operations and performance depend significantly on global and regional economic conditions and adverse economic conditions can materially adversely affect the Company's business, results of operations and financial condition.

The Company has international operations with sales outside the U.S. representing a majority of the Company's total net sales. In addition, the Company's global supply chain is large and complex and a majority of the Company's supplier facilities, including manufacturing and assembly sites, are located outside the U.S. As a result, the Company's operations and performance depend significantly on global and regional economic conditions."
AAPL-2025-021,AAPL,technology,0,0,0,0,1,0,keyword,"Although malicious attacks perpetrated to gain access to confidential information, including personal information, affect many companies across various industries, the Company is at a relatively greater risk of being targeted because of its high profile and the value of the confidential information it creates, owns, manages, stores and processes.

Apple Inc. | 2025 Form 10-K | 11

As with all companies, the security the Company has implemented may not be sufficient for all eventualities and are vulnerable to hacking, ransomware attacks, employee error, malfeasance, system error, faulty password management or other irregularities. For example, third parties can fraudulently induce the Company's or its suppliers' and other third parties' employees or customers into disclosing usernames, passwords or other sensitive information, which can, in turn, be used for unauthorized access to the Company's or such suppliers' or third parties' systems and services. To help protect customers and the Company, the Company deploys and makes available technologies like multifactor authentication, monitors its services and systems for unusual activity and may freeze accounts under suspicious circumstances, which, among other things, can result in the delay or loss of customer orders or impede customer access to the Company's products and services.

While the Company maintains insurance coverage that is intended to address certain aspects of data security risks, such insurance coverage may be insufficient to cover all losses or all types of claims that may arise."
MSFT-2024-026,MSFT,technology,0,0,0,1,0,0,keyword,"Laws and regulations relating to the handling of personal data may impede the adoption of our services or result in increased costs, legal claims, fines against us, or reputational damage. The growth of our Internet- and cloud-based services internationally relies increasingly on the movement of data across national boundaries. Legal requirements relating to the collection, storage, handling, and transfer of personal data continue to evolve. For example, while the EU-U.S. Data Privacy Framework (""DPF"") has been recognized as adequate under EU law to allow transfers of personal data from the EU to certified companies in the U.S., the DPF is subject to further legal challenge which could cause the legal requirements for data transfers from the EU to be uncertain. EU data protection authorities have and may again block the use of certain U.S.-based services that involve the transfer of data to the U.S. In the EU and other markets, potential new rules and restrictions on the flow of data across borders could increase the cost and complexity of delivering our products and services. In addition, the EU General Data Protection Regulation (""GDPR""), which applies to all of our activities conducted from an establishment in the EU or related to products and services offered in the EU, imposes a range of compliance obligations regarding the handling of personal data. More recently, the EU has been developing new requirements related to the use of data, including in the Digital Markets Act, the Digital Services Act, and the Data Act, that add additional rules and restriction on the use of data in our products and services. Engineering efforts to build and maintain capabilities to facilitate compliance with these laws involve substantial expense and the diversion of engineering resources from other projects. We might experience reduced demand for our offerings if we are unable to engineer products that meet our legal duties or help our customers meet their obligations under these and other data regulations, or if our implementation to comply makes our offerings less attractive. Compliance with these obligations depends in part on how particular regulators interpret and apply them."
COP-2026-006,COP,energy,0,0,0,1,0,1,keyword,"Our ability to sell and deliver the crude oil, bitumen, LNG, natural gas and NGLs that we produce also depends on the availability, proximity and capacity of gathering, processing, compression, transportation and pipeline facilities and equipment, as well as any necessary diluents to prepare our crude oil, bitumen, LNG, natural gas and NGLs for transport. The facilities, equipment and diluents we rely on may be temporarily unavailable to us due to market conditions, extreme weather events, permitting delays and other regulatory matters, mechanical reasons or other factors or conditions, many of which are beyond our control. In addition, in certain newer plays, the capacity of necessary facilities, equipment and diluents may not be sufficient to accommodate production from existing and new wells, and construction and permitting delays, permitting costs and regulatory or other constraints could limit or delay the construction, manufacture or other acquisition of new facilities and equipment. If any facilities, equipment or diluents, or any of the transportation methods and channels that we rely on become unavailable for any period of time, we may incur increased costs to transport our crude oil, bitumen, LNG, natural gas and NGLs for sale; we may be forced to curtail our production of crude oil, bitumen, natural gas or NGLs, or we may not be able to meet all the objectives in our Climate-related Risk Strategy, such as reducing routine flaring."
C-2026-005,C,banking,1,0,0,0,0,0,keyword,"• Citi's All Other results excluding divestiture-related impacts represent as reported, or GAAP, financial results less the items incurred and recognized that are wholly and necessarily a consequence of actions taken to sell (including through a public offering), dispose of or wind down business activities associated with Citi's previously announced exit markets within All Other —Legacy Franchises. Additionally, Citi's Chief Executive Officer, its chief operating decision maker, regularly reviews financial information for All Other on a managed basis that excludes these divestiture-related impacts. For more information on Citi's results excluding divestiture-related impacts, see ""Executive Summary"" and "" All Other —Divestiture-Related Impacts (Reconciling Items)"" below.

• For more information on Banking and Corporate Lending revenues excluding gain (loss) on loan hedges, see ""Executive Summary"" and "" Banking "" below. Citi believes that Banking and Corporate Lending revenues excluding gain (loss) on loan hedges are useful to investors, industry analysts and others because the gain (loss) on loan hedges are independent of Banking and Corporate Lending's core operations and not indicative of the performance of the business operations.

• For more information on TCE, RoTCE and TBVPS, see ""Capital Resources—Tangible Common Equity, Book Value Per Share, Tangible Book Value Per Share and Return on Equity"" below. TCE, RoTCE and TBVPS are used by management, as well as investors, industry analysts and others, in assessing Citi's use of equity. Citi believes TCE and RoTCE are useful to investors, industry analysts and others by providing alternative measures of capital strength and performance. Citi believes TBVPS provides additional useful information about the level of tangible assets in relation to Citi's outstanding shares of common stock."
NVDA-2025-010,NVDA,technology,0,1,0,0,0,0,keyword,"Product transitions are complex and we often ship both new and prior architecture products simultaneously as our channel partners prepare to ship and support new products. We are generally in various stages of transitioning the architectures of our Data Center, Gaming, Professional Visualization, and Automotive products. The computing industry is experiencing a broader and faster launch cadence of accelerated computing platforms to meet a growing and diverse set of AI opportunities. We have introduced a new product and architecture cadence of our Data Center solutions where we seek to complete new computing solutions each year and provide a greater variety of Data Center offerings. The increased frequency of these transitions and the larger number of products and product configurations may magnify the challenges associated with managing our supply and demand which may further create volatility in our revenue. Qualification time for new products, customers anticipating product transitions, and channel partners reducing channel inventory of prior architectures ahead of new product introductions can reduce, or create volatility in, our revenue. We have experienced and may in the future experience reduced demand for current generation architectures when customers anticipate transitions, and we may be unable to sell multiple product architectures at the same time for current and future architecture transitions. Our financial results have been and may in the future be negatively impacted if we are unable to execute our architectural transitions as planned for any reason. The increased frequency and complexity of newly introduced products could result in unanticipated quality or production issues that could increase the magnitude of inventory provisions, warranty, or other costs or result in product delays. For example, our gross margins in the second quarter of fiscal year 2025 were negatively impacted by inventory provisions for low-yielding Blackwell material."
BAC-2026-013,BAC,banking,0,1,0,1,0,0,keyword,"Bank of America Corporation, as the parent company, is a separate and distinct legal entity from its bank and nonbank subsidiaries. We evaluate and manage liquidity on a legal entity basis. Legal entity liquidity is an important consideration as there are legal, regulatory, contractual and other limitations on our ability to utilize liquidity from one legal entity to satisfy the liquidity requirements of another, including the parent company, which could result in adverse liquidity events. The parent company depends on dividends, distributions, loans and other payments from our bank and nonbank subsidiaries to fund dividend payments on our common and preferred stock and to

Bank of America 10

fund payments on our other obligations, including debt obligations. Any inability of our subsidiaries to transfer funds, pay dividends or make payments to the parent company may adversely affect our cash flow, liquidity and financial condition.

Many subsidiaries, including bank and broker-dealer subsidiaries, are subject to laws that restrict dividend payments, or authorize regulatory bodies to block or reduce the flow of funds from those subsidiaries to the parent company or other subsidiaries. Our bank and broker-dealer subsidiaries are subject to restrictions on their ability to lend or transact with affiliates, minimum regulatory capital and liquidity requirements and restrictions on their ability to use funds deposited with them in bank or brokerage accounts to fund their businesses. Intercompany arrangements in connection with our resolution planning submissions could restrict the amount of subsidiary funding available to the parent company from our subsidiaries under certain adverse conditions."
AAPL-2024-033,AAPL,technology,0,1,1,0,0,0,keyword,"The Company has historically experienced higher net sales in its first quarter compared to other quarters in its fiscal year due in part to seasonal holiday demand. Additionally, new product and service introductions can significantly impact net sales, cost of sales and operating expenses. Further, the Company generates a significant portion of its net sales from a single product and a decline in demand for that product could significantly impact quarterly net sales. The Company could also be subject to unexpected developments, such as lower-than-anticipated demand for the Company's products or services, issues with new product or service introductions, information technology system failures or network disruptions, or failure of one of the Company's logistics, supply or manufacturing partners.

Apple Inc. | 2024 Form 10-K | 15

The Company's financial performance is subject to risks associated with changes in the value of the U.S. dollar relative to local currencies.

The Company's primary exposure to movements in foreign exchange rates relates to non–U.S. dollar–denominated sales, cost of sales and operating expenses worldwide. Gross margins on the Company's products in foreign countries and on products that include components obtained from foreign suppliers have in the past been adversely affected and could in the future be materially adversely affected by foreign exchange rate fluctuations."
MSFT-2025-000,MSFT,technology,0,0,0,0,0,0,keyword,"ITEM 1A. RIS K FACTORS

Our operations and financial results are subject to various risks and uncertainties, including those described below, that could adversely affect our business, operations, financial condition, results of operations, liquidity, and the trading price of our common stock.

STRATEGIC AND COMPETITIVE RISKS

We face intense competition across all markets for our products and services, which could adversely affect our results of operations.

Competition in the technology sector

Our competitors range in size from diversified global companies with significant research and development resources to small, specialized firms whose narrower product lines may let them be more effective in deploying technical, marketing, and financial resources. Barriers to entry in many of our businesses are low and many of the areas in which we compete evolve rapidly with changing and disruptive technologies, shifting user needs, and frequent introductions of new products and services. If we do not continue to innovate and provide products, devices, and services that appeal to businesses and consumers, we may not remain competitive, which could adversely affect our business, financial condition, and results of operations.

Competition among platform-based ecosystems

An important element of our business model has been to create platform-based ecosystems on which many participants can build diverse solutions. A well-established ecosystem creates beneficial network effects among users, application developers, and the platform provider that can accelerate growth. Establishing significant scale in the marketplace is necessary to meet consumer demand and to achieve and maintain attractive margins. We face significant competition from firms that provide competing platforms."
JPM-2026-010,JPM,banking,0,0,0,1,0,0,keyword,"JPMorganChase expects that the following trends will continue:

• it will be subject to heightened regulatory scrutiny and pervasive investigations and enforcement actions by governmental authorities, as well as criticism or litigation from clients or customers who claim that they have been harmed by actions taken by JPMorganChase in order to comply with applicable law

• governmental authorities will forgo opportunities to resolve investigations with informal supervisory actions, and will pursue formal and punitive enforcement actions with respect to actual or deemed violations of law

• resolutions of investigations and enforcement actions will result in the imposition of significant penalties, and

• governmental authorities will be more likely to bring formal enforcement actions against JPMorganChase if it has previously been subject to other investigations or enforcement actions by governmental authorities.

When resolving an investigation or enforcement action by a governmental authority, the subject financial institution typically must satisfy new or enhanced regulatory requirements or restrictions. If JPMorganChase fails to meet the requirements of any such resolution, or to maintain risk and control processes that meet the heightened expectations of its regulators, it could be required to, among other things:

• enter into further resolutions

• incur additional penalties or judgments, or"
AAPL-2024-010,AAPL,technology,0,0,1,0,0,0,keyword,"The Company's new products often utilize custom components available from only one source. When a component or product uses new technologies, initial capacity constraints may exist until the suppliers' yields have matured or their manufacturing capacities have increased. The continued availability of these components at acceptable prices, or at all, can be affected for any number of reasons, including if suppliers decide to concentrate on the production of common components instead of components customized to meet the Company's requirements. When the Company's supply of components for a new or existing product has been delayed or constrained, or when an outsourcing partner has delayed shipments of completed products to the Company, the Company's business, results of operations and financial condition have been adversely affected and future delays or constraints could materially adversely affect the Company's business, results of operations and financial condition. The Company's business and financial performance could also be materially adversely affected depending on the time required to obtain sufficient quantities from the source, or to identify and obtain sufficient quantities from an alternative source.

Apple Inc. | 2024 Form 10-K | 8

The Company's products and services may be affected from time to time by design and manufacturing defects that could materially adversely affect the Company's business and result in harm to the Company's reputation."
C-2026-001,C,banking,0,1,0,0,0,0,keyword,"For a list of certain terms and acronyms used in this Annual Report on Form 10-K and other Citigroup presentations, see ""Glossary of Terms and Acronyms"" at the end of this report.

Additional Information

Additional information about Citigroup is available on Citi's website at www.citigroup.com. Citigroup's annual reports on Form 10-K, quarterly reports on Form 10-Q, current reports on Form 8-K and proxy statements, as well as other filings with the U.S. Securities and Exchange Commission (SEC) are available free of charge through Citi's website by clicking on ""SEC Filings"" under the ""Investors"" tab. The SEC's website also contains these filings and other information regarding Citi at www.sec.gov.

For a discussion of 2024 versus 2023 results of operations of Services , Markets , Banking , Wealth , U.S. Personal Banking and All Other , see each respective business's results of operations in Citigroup's Annual Report on Form 10-K for the year ended December 31, 2024 (the 2024 Annual Report on Form 10-K).

Presentation Changes

Changes in presentation have been made, including the following:

• Effective July 1, 2025, gains and losses on certain economic and qualifying hedging derivatives, foreign currency transaction gains and losses related to non-U.S. dollar debt and certain foreign operations that designate the U.S. dollar as their functional currency in countries with highly inflationary economies reported within Services , Markets , Banking and All Other —Corporate Other, which were previously presented within Other revenue , are now presented within Principal transactions . Prior periods were conformed to reflect this change in presentation."
NVDA-2026-029,NVDA,technology,0,0,1,1,0,1,keyword,"Our business and those of our suppliers and customers is subject to sustainability-related laws, regulations and lawsuits. New or proposed regulations relating to carbon taxes, fuel or energy taxes, pollution limits, sustainability-related disclosure and governance and supply chain governance could result in greater direct costs, including costs associated with changes to manufacturing processes or the procurement of raw materials used in manufacturing processes, increased capital expenditures to improve facilities and equipment, higher compliance and energy costs to reduce emissions, other compliance costs, and greater indirect costs resulting from our customers and/or suppliers incurring additional compliance costs that are passed on to us. These costs and restrictions could harm our business and results of operations by increasing our expenses or requiring us to alter our operations and product design activities.

Stakeholder groups may find us insufficiently responsive to the implications of climate change, and therefore we may face legal action or reputational harm. We may not achieve our stated sustainability-related goals, which could harm our reputation, or we may incur additional, unexpected costs to achieve such goals. We may also experience contractual disputes due to supply chain delays arising from climate change-related disruptions, which could result in increased litigation and costs."
C-2026-000,C,banking,0,0,0,1,0,0,keyword,"SUSTAINABILITY

HUMAN CAPITAL RESOURCES AND MANAGEMENT

Managing Global Risk—Table of Contents

MANAGING GLOBAL RISK

SIGNIFICANT ACCOUNTING POLICIES AND SIGNIFICANT ESTIMATES

DISCLOSURE CONTROLS AND PROCEDURES

MANAGEMENT'S ANNUAL REPORT ON INTERNAL CONTROL OVER FINANCIAL REPORTING

FORWARD-LOOKING STATEMENTS

REPORT OF INDEPENDENT REGISTERED PUBLIC

ACCOUNTING FIRM (PCAOB ID # 185 )

Financial Statements and Notes—Table of Contents

CONSOLIDATED FINANCIAL STATEMENTS

NOTES TO CONSOLIDATED FINANCIAL STATEMENTS

FINANCIAL DATA SUPPLEMENT

SUPERVISION, REGULATION AND OTHER

OTHER INFORMATION

CORPORATE INFORMATION

Executive Officers

Citigroup Board of Directors

EXHIBIT INDEX

SIGNATURES

GLOSSARY OF TERMS AND ACRONYMS

OVERVIEW

Citigroup's history dates back to the founding of the City Bank of New York in 1812.

Citigroup is a global diversified financial services holding company whose businesses provide consumers, corporations, governments and institutions with a broad, yet focused, range of financial products and services, including consumer banking and credit, corporate and investment banking, securities brokerage, trade and securities services and wealth management. Citi does business in nearly 160 countries and jurisdictions.

Citi's vision is to be the preeminent banking partner for institutions with cross-border needs, a global leader in wealth management and a valued personal bank in the U.S.

Throughout this report, ""Citigroup,"" ""Citi"" and ""the Company"" refer to Citigroup Inc. and its consolidated subsidiaries. All ""Note"" references correspond to the Notes to the Consolidated Financial Statements herein, unless otherwise indicated."
AAPL-2023-015,AAPL,technology,0,0,0,0,0,0,keyword,"The Company's future performance depends in part on support from third-party software developers.

The Company believes decisions by customers to purchase its hardware products depend in part on the availability of third-party software applications and services. There can be no assurance third-party developers will continue to develop and maintain software applications and services for the Company's products. If third-party software applications and services cease to be developed and maintained for the Company's products, customers may choose not to buy the Company's products.

The Company believes the availability of third-party software applications and services for its products depends in part on the developers' perception and analysis of the relative benefits of developing, maintaining and upgrading such software and services for the Company's products compared to competitors' platforms, such as Android for smartphones and tablets, Windows for personal computers and tablets, and PlayStation, Nintendo and Xbox for gaming platforms. This analysis may be based on factors such as the market position of the Company and its products, the anticipated revenue that may be generated, expected future growth of product sales, and the costs of developing such applications and services.

The Company's minority market share in the global smartphone, personal computer and tablet markets can make developers less inclined to develop or upgrade software for the Company's products and more inclined to devote their resources to developing and upgrading software for competitors' products with larger market share. When developers focus their efforts on these competing platforms, the availability and quality of applications for the Company's devices can suffer."
MSFT-2025-015,MSFT,technology,0,0,0,0,1,0,keyword,"Any of the foregoing events could result in reputational harm, loss of revenue, increased costs, or otherwise adversely affect our business, financial condition, and results of operations.

PART I

Item 1A

Development and deployment of defensive measures

To defend against security threats to our internal infrastructure, our cloud-based services, and our customers' systems, we must take a complex and multifaceted approach. This includes continuously engineering more secure products and services, and enhancing security, threat detection, and reliability features. We must also escalate and improve our development processes and the deployment of software updates to address security vulnerabilities in our own products as well as those provided by others in a timely manner. In addition, we must develop mitigation technologies that help to secure customers from attacks even when software updates are not deployed, and maintain the digital security infrastructure that protects the integrity of our network, products, and services. Further, we must provide security tools such as firewalls, anti-virus software, and advanced security and information about the need to deploy security measures and the impact of doing so."
XOM-2024-016,XOM,energy,0,0,0,0,1,1,keyword,"Reputation. Our reputation is an important corporate asset. Factors that could have a negative impact on our reputation include an operating incident or significant cybersecurity disruption; changes in consumer views concerning our products; a perception by investors or others that the Corporation is making insufficient progress with respect to our ambition to play a leading role in the energy transition, or that pursuit of this ambition may result in allocation of capital to investments with reduced returns; and other adverse events such as those described in this Item 1A. Negative impacts on our reputation could in turn make it more difficult for us to compete successfully for new opportunities, obtain necessary regulatory approvals, obtain financing, and attract talent, or they could reduce consumer demand for our branded products. ExxonMobil's reputation may also be harmed by events which negatively affect the image of our industry as a whole.

Projections, estimates, and descriptions of ExxonMobil's plans and objectives included or incorporated in Items 1, 1A, 1C, 2, 5, 7, and 7A of this report are forward-looking statements. Actual future results, including project completion dates, production rates, capital expenditures, costs, and business plans could differ materially due to, among other things, the factors discussed above and elsewhere in this report."
NVDA-2025-052,NVDA,technology,0,0,0,0,0,0,keyword,"Excessive or shifting export controls have already and may in the future encourage customers outside China and other impacted regions to ""design-out"" certain U.S. semiconductors from their products to reduce the compliance burden and risk, and to ensure that they are able to serve markets worldwide. Excessive or shifting export controls have already encouraged and may in the future encourage overseas governments to request that our customers purchase from our competitors rather than NVIDIA or other U.S. firms, harming our business, market position, and financial results. As a result, excessive or shifting export controls may negatively impact demand for our products and services not only in China, but also in other markets, such as Europe, Latin America, and Southeast Asia. Excessive or shifting export controls increase the risk of investing in U.S. advanced semiconductor products, because by the time a new product is ready for market, it may be subject to new unilateral export controls restricting its sale. At the same time, such controls may increase investment in foreign competitors, which would be less likely to be restricted by U.S. controls. If additional products are subject to worldwide licensing requirements, we may incur significant inventory provisions and excess purchase obligation charges."
CVX-2024-011,CVX,energy,0,0,0,1,0,1,keyword,"Legislation, regulation, and other government actions related to GHG emissions and climate change could reduce demand for Chevron's hydrocarbon and other products and/or continue to increase Chevron's operational costs and reduce its return on investment. The Paris Agreement went into effect in November 2016, and a number of countries in which we operate have adopted and may adopt additional policies intended to meet their Paris Agreement goals. Globally, multiple jurisdictions are considering adopting or are in the process of implementing laws or regulations to directly regulate GHG emissions through a carbon tax, a cap-and-trade program, performance standards or other mechanisms, or to attempt to indirectly advance reduction of GHG emissions through restrictive permitting, procurement standards, trade barriers, minimum renewable usage requirements, financing standards, standards or requirements for environmental benefit claims, increased GHG reporting and climate-related disclosure requirements, or tax advantages or other incentives to promote the use of alternative energy, fuel sources or lower-carbon technologies. For example, the company is currently subject to implemented programs in certain jurisdictions, such as the Renewable Fuel Standard program in the U.S., California's Cap-and-Trade Program and Low Carbon Fuel Standard, and newly approved mandates such as the California Air Resources Board Advanced Clean Cars II regulations, as well as other indirect regulation of GHG emissions, which may, among other things, ban or restrict technologies or products that use the company's products. GHG emissions that may be directly regulated through such efforts include, among others, those associated with the company's exploration and production of hydrocarbons; the upgrading of production from oil sands into synthetic oil; power generation; the conversion of crude oil, natural gas and biofeedstocks into refined hydrocarbon products; the processing, liquefaction, and regasification of natural gas; the transportation of crude oil, natural gas, and other products; and customers' and consumers' use of the company's hydrocarbon products. In addition, the U.S. Inflation Reduction Act (IRA) implements various incentives for lower carbon activities, including carbon capture and storage and the production of hydrogen and sustainable aviation fuel. Although the IRA offers incentives that could support certain lower carbon lines of business, those same incentives could negatively impact supply and/or demand for our oil and gas products in the future or any existing or future lower carbon business lines."
AAPL-2025-004,AAPL,technology,0,0,1,0,1,1,keyword,"Various modifications to the U.S. Tariffs have been announced and further changes could be made in the future, which may include additional sector-based tariffs or other measures. For example, the U.S. Department of Commerce has initiated an investigation under Section 232 of the Trade Expansion Act of 1962, as amended, into, among other things, imports of semiconductors, semiconductor manufacturing equipment, and their derivative products, including downstream products that contain semiconductors. The ultimate impact remains uncertain and will depend on several factors, including whether additional or incremental U.S. Tariffs or other measures are announced or imposed, to what extent other countries implement tariffs or other retaliatory measures in response, and the overall magnitude and duration of these measures. If disputes and conflicts further escalate, actions by governments in response could be significantly more severe and restrictive.

Many of the Company's operations, retail stores and facilities, as well as critical business operations of the Company's suppliers and contract manufacturers, are in locations that are prone to earthquakes and other natural disasters. Global climate change is resulting in certain types of natural disasters and extreme weather occurring more frequently or with more intense effects. In addition, the Company's and its suppliers' operations, retail stores and facilities are subject to the risk of interruption by fire, power shortages, nuclear power plant accidents and other industrial accidents, terrorist attacks and other hostile acts, ransomware and other cybersecurity attacks, labor disputes, public health issues and other events beyond the Company's control."
MSFT-2026-020,MSFT,technology,0,0,1,1,0,0,keyword,"Other digital safety abuses

Our services may be used to find, generate, store, or disseminate harmful or illegal content in violation of our terms or applicable law. We may not proactively discover such content due to scale, the limitations of existing technologies, and conflicting legal frameworks. This content may negatively affect users, our reputation, our brands, or could impact our business in certain markets. Regulatory enforcement is increasingly focused on product design, safety-by-design, and the responsibility of platform providers. At the same time, laws designed to reduce risks to children are driving new obligations for age-assurance systems, age-appropriate design, and parental controls across the online ecosystem, including within app stores and operating systems. In addition, certain AI technologies, including conversational or emotionally engaging AI systems, may present distinct risks for children and adolescents. Failure to comply with these requirements may subject us to enhanced regulatory oversight, civil or criminal liability, fines and penalties, or other reputational damage, which could adversely affect our business, financial condition, and results of operations.

Our products and services, how they are used by customers, and how third-party products and services interact with them, may present security, privacy, and execution risks. Our products and services may contain defects in design, manufacture, or operation that make them insecure or ineffective for their intended purposes. For example, customers control our products and services, including our AI products, within their environments, and may deploy them in high-risk scenarios or utilize them inappropriately. Our products may also collect large amounts of data in manners which may not satisfy customers or regulatory requirements. Our customers also operate complex systems with third-party hardware and software from multiple vendors whose products or personnel may take or fail to take actions which impact the reliability or security of our products and services. If our products and services do not work as intended, are utilized in methods not intended, violate the law, or harm individuals or businesses, we may be subject to legal claims or enforcement actions. These risks, if realized, may increase our costs, damage our reputation, or adversely affect our results of operations."
COP-2024-016,COP,energy,0,0,0,1,0,1,keyword,"Approximately 31 percent of our hydrocarbon production was derived from production outside the U.S. in 2023, and 33 percent of our proved reserves, as of December 31, 2023, were located outside the U.S. We are subject to risks associated with our operations in foreign jurisdictions and international markets, including changes in foreign governmental policies relating to crude oil, bitumen, LNG, natural gas or NGL pricing and taxation; other regulatory or economic developments (including the macro effects of international trade policies and disputes); disruptive geopolitical conditions, and international monetary and currency rate fluctuations. For example, in December 2022, in response to higher energy prices resulting from the conflict between Russia and Ukraine, Australia's Parliament passed legislation setting a one-year price cap on natural gas. Further legislation was introduced in 2023 that extends the price cap through to at least June 2025, subject to further review and certain exemptions. Restrictions on production of oil and gas could increase to the extent governments view such measures as a viable approach for pursuing national and global energy security and climate policies. The escalation of geopolitical tension in the Middle East in late 2023 and early 2024 underscores the continued relevance of this consideration. In addition, some countries where we operate lack a fully independent judiciary system. This, coupled with changes in foreign law or policy, results in a lack of legal certainty that exposes our operations to increased risks, including increased difficulty in enforcing our agreements in those jurisdictions and increased risks of adverse actions by local government authorities, such as expropriations. Actions by host governments, such as the expropriation of our oil assets by the Venezuelan government, have affected operations significantly in the past and may continue to do so in the future."
CVX-2024-015,CVX,energy,0,0,0,1,0,1,keyword,"Our aspirations, targets and disclosures related to ESG matters subject us to numerous risks that may negatively impact our reputation and stock price or result in other material adverse impacts to the company Chevron has announced an aspiration to achieve net zero Scope 1 and 2 emissions in upstream by 2050. The company also has set nearer-term GHG emission-related targets for zero routine flaring, upstream carbon intensity, and portfolio carbon intensity. These and other aspirations, targets or objectives reflect our current plans and aspirations, and Chevron may change them for various reasons, including evolving market conditions; changes in our portfolio; and financial, operational, regulatory, reputational, legal and other factors.

Our ability to achieve any aspiration, target or objective, including with respect to climate-related initiatives, our lower carbon strategy outlined in the Management's Discussion and Analysis of Financial Condition and Results of Operations, pages 34 through 36, and any lower carbon new energy businesses, is subject to numerous risks, many of which are outside of our control. Examples of such risks include: (1) sufficient and substantial advances in technology, including the

continuing progress of commercially viable technologies and low- or non-carbon-based energy sources; (2) the granting of necessary permits by governing authorities; (3) the availability and acceptability of cost-effective, verifiable carbon credits; (4) the availability of suppliers that can meet our sustainability and other standards; (5) evolving regulatory requirements, including changes to IPCC's Global Warming Potentials, affecting ESG standards or disclosures; (6) evolving standards for tracking and reporting on emissions and emission reductions and removals; (7) customers' and consumers' preferences and use of the company's products or substitute products; and (8) actions taken by the company's competitors in response to legislation and regulations."
XOM-2026-018,XOM,energy,0,0,0,0,0,1,keyword,"Competition. As noted in Item 1 above, the energy and petrochemical industries are highly competitive. We face competition not only from other private firms, but also from state-owned companies that are increasingly competing for opportunities outside of their home countries and as partners with other private firms. In some cases, these state-owned companies may pursue opportunities in furtherance of strategic, national, or supranational objectives of their government owners, with less focus on financial returns than companies owned by private shareholders, such as ExxonMobil. Technology and expertise provided by industry service companies or AI may also enhance the competitiveness of firms that may not have the internal resources and capabilities of ExxonMobil or reduce the need for resource-owning countries to partner with private-sector oil and gas companies in order to monetize national resources. As described in more detail above, our hydrocarbon-based energy products are also subject to growing and, in many cases, government-supported competition from alternative energy sources. In addition, as we enter new markets in pursuit of lower-emission and other new business opportunities, we will need to compete effectively with established competitors in these markets, as well as with new market entrants seeking to capitalize on these opportunities, while successfully navigating changing market conditions or technologies."
COP-2025-008,COP,energy,0,0,1,0,1,0,keyword,"Our operations are subject to a variety of hazards and risks that require significant and continuous oversight, such as the monitoring, prevention or mitigation of or protection from explosions, fires, product spills, severe weather, geological events, global health crises, such as epidemics and pandemics, labor disputes, geopolitical tensions, armed hostilities, terrorist or piracy attacks, sabotage, civil unrest or cyberattacks. Our operations are subject to additional hazards concerning exposure to and potential release of pollutants and toxic substances, as well as other environmental hazards and risks. For example, offshore activities may pose incrementally greater technological challenges, operating risks and potential for adverse consequences from operational failures because of complex subsurface conditions such as higher reservoir pressures, water depths and metocean conditions. All such hazards could result in loss of human life, significant property and equipment damage, environmental pollution, impairment of operations, substantial losses to us and damage to our reputation. Our business and operations may be disrupted if we do not respond, or are perceived not to respond, in an appropriate manner to any of these hazards and risks or any other major crisis or if we are unable to efficiently restore or replace affected operational components and capacity. Countermeasures to address global health crises, epidemics or pandemics may result in reduced demand for our products; disruptions to our supply chain, the global economy or financial or commodity markets; disruptions in our contractual arrangements with our service providers, suppliers and other counterparties; failures by our suppliers, contract manufacturers, contractors, joint venture partners and external business partners, to meet their obligations to us; reduced workforce productivity; and voluntary or involuntary curtailments. Further, our insurance may not be adequate to compensate us for all resulting losses described above, and the cost to obtain adequate coverage may increase for us in the future or may not be available."
XOM-2026-008,XOM,energy,0,0,0,1,1,1,keyword,"• government actions to cancel contracts, redenominate the official currency, renounce or default on obligations, impose unwarranted penalties, renegotiate terms unilaterally, expropriate assets, or compel a change in production plans.

Legal remedies available to compensate us for expropriation or other takings may be inadequate.

We also may be adversely affected by the outcome of litigation, including class actions or arbitrations, especially in countries such as the United States that permit large and unpredictable punitive and non-economic damage awards. Other jurisdictions adopting similar models to impose liability schemes on our products or operations may present similar risks. We also may be adversely affected by government investigations or enforcement proceedings alleging non-compliance with applicable laws or regulations, or by state and local government actors as well as private plaintiffs acting in parallel that attempt to use the legal system to promote public policy agendas (including seeking to reduce the production and sale of hydrocarbon products through litigation targeting the Company or other industry participants), gain political notoriety, or obtain monetary awards from the Company. The continued adoption of similar legal practices in the European Union or elsewhere would broaden this risk.

Security concerns. Successful operation of particular facilities or projects may be disrupted by civil unrest, military conflict, acts of sabotage, piracy, terrorism, cybersecurity attacks, the application of national security laws or policies that result in restricting our ability to do business in a particular jurisdiction or region, strikes or protests, and other local, national, regional, or global security concerns. Such concerns may be directed specifically at our Company, our industry, or as part of broader movements and may require us to incur greater costs for security or to shut down operations for a period of time."
XOM-2026-014,XOM,energy,0,0,1,0,0,0,keyword,"Project and portfolio management. The long-term success of ExxonMobil's Upstream and Product Solutions businesses, as well as the future success of LCS and other emerging investments, depends on complex, long-term, capital-intensive projects. These projects in turn require a high degree of project management expertise to maximize efficiency. Specific factors that can affect the performance of major projects include our ability to: negotiate successfully with joint venturers, partners, governments, suppliers, customers, or others; protect and enforce our contractual and legal rights, including with our joint venture partners, host governments, and others; model and optimize reservoir performance and production reliability; develop markets for project outputs, whether through long-term contracts or the development of effective spot markets; qualify for certain incentives available under supportive government policies for emerging markets and technologies; manage changes in operating conditions and costs, including costs of third-party equipment or services such as drilling rigs and shipping, supply chain disruptions, and inflationary cost pressures; prevent, to the extent possible, and respond effectively to unforeseen technical difficulties that could delay project start-up, incur or escalate costs, or cause unscheduled project downtime; and influence the performance of project operators where ExxonMobil does not perform that role. In addition to the effective management of individual projects, ExxonMobil's success, including our ability to mitigate risk and provide attractive returns to shareholders, depends on our ability to successfully manage our overall portfolio, including diversification among types and locations of our projects, products produced, and strategies to acquire or divest assets. We may not be able to acquire or divest assets at a price or on the timeline we contemplate in our strategies. Additionally, we may retain certain liabilities following a divestment and could be held liable for past use or for different liabilities than anticipated, including reversion of decommissioning or other liabilities upon bankruptcy or other default of successors in title."
CVX-2026-007,CVX,energy,0,0,0,1,0,0,keyword,"One of our subsidiaries acts as the general partner of a publicly traded limited partnership, Hess Midstream LP, which may involve a potential legal liability One of our subsidiaries acts as the general partner of Hess Midstream, a publicly traded limited partnership. Our control of the general partner of Hess Midstream may increase the possibility that we could be subject to claims of breach of duties owed to Hess Midstream, including claims of conflict of interest. Any liability resulting from such claims could have an adverse impact on our future business, financial condition, results of operations and cash flows.

LEGAL, REGULATORY AND ESG-RELATED RISK FACTORS

Chevron's business subjects the company to liability risks from litigation or government action The company produces, transports, refines and markets potentially hazardous materials, and it purchases, handles and disposes of other potentially hazardous materials in the course of its business. Chevron's operations also produce byproducts, which may be considered pollutants. Often these operations are conducted through joint ventures over which the company may have limited influence and control. Any of these activities could result in liability or significant delays in operations arising from private litigation or government action. For example, liability or delays could result from an accidental, unlawful discharge or from new conclusions about the effects of the company's current or former operations or products on human health or the environment. It is also possible that such liability could be imposed without regard to the company's causation of or contribution to the asserted damage, or to other mitigating factors."
JPM-2026-018,JPM,banking,1,1,1,0,0,0,keyword,"• disruptions in labor markets

• greater market volatility

• a contraction of available credit and the widening of credit spreads

• U.S. dollar currency fluctuations

• lower investments in a particular country or sector of the economy

• large-scale sales of government debt and other debt and equity securities

• reduced commercial activity among trading partners or disruptions to supply chains, or

• the formation of or changes in political or economic alliances or treaties.

These risks could become highly correlated or combine in unexpected ways under certain circumstances, including geopolitically challenging situations in regions such as Russia, the Middle East and China.

Any of the foregoing potential outcomes could cause JPMorganChase to:

• suffer losses on its market-making positions or in its investment portfolio

• reduce its liquidity and capital levels

• increase the allowance for credit losses or recognize higher net charge-offs

• hamper its ability to deliver products and services to its clients and customers

• weaken its results of operations and financial condition or credit ratings, or

• become subject to prolonged litigation.

Market

Adverse economic and market events and conditions could negatively affect JPMorganChase's results of operations and investment and market-making positions.

JPMorganChase's results of operations could be negatively affected by the occurrence or persistence of adverse changes in any of the following:"
JPM-2026-017,JPM,banking,1,1,0,0,1,0,keyword,"• deployment of the military

• changes to immigration policies, or

• actions or inactions by a government related to emergencies.

These types of political developments, as well as heightened geopolitical tensions, could:

• erode investor or consumer confidence in the U.S. economy and financial markets, which could potentially undermine the status of the U.S. dollar as a safe haven currency

• provoke retaliatory countermeasures by other countries or otherwise heighten tensions in trade or diplomatic relations

• increase the risk of targeted cyber attacks

• increase concerns about whether the U.S. government will be funded and will be able to service its outstanding debt

• result in periodic shutdowns of the U.S. government

• influence investor perceptions concerning government support of certain sectors of the economy or the economy as a whole

• influence monetary policy actions of the Federal Reserve to moderate the economic impact of political developments, including decisions on interest rate levels and asset purchases and sales

• adversely affect the financial condition or credit ratings of clients and counterparties with which JPMorganChase does business, or

• cause JPMorganChase to forgo business opportunities that it might otherwise pursue.

These factors could lead to:

• slower growth rates, rising inflation or recession"
MSFT-2026-028,MSFT,technology,0,0,0,1,0,0,keyword,"PART I

Item 1A

retrieve and produce customer data in response to compulsory legal demands from law enforcement and governmental authorities are evolving and the requests we are experiencing are increasing in volume and complexity.

New, existing, and evolving laws and regulations, or interpretations or applications of existing laws and regulations in a manner inconsistent with our interpretations of such laws and regulations or our practices, may result in modification of our products and services, altered business models and operations, increased costs, reputational damage, and civil or criminal liability. Examples include laws and regulations regarding:

Competition laws and new market regulation: Government agencies closely scrutinize us under U.S. and foreign competition laws. Governments are actively enforcing competition laws and regulations and enacting new regulations to intervene in digital markets, and this includes markets such as the EU, the United Kingdom, the U.S., and China. Some jurisdictions also allow competitors or consumers to assert claims of anti-competitive conduct. U.S. and foreign antitrust authorities have previously brought enforcement actions and continue to scrutinize our business. Competition law enforcement actions and court decisions along with new market regulations may result in fines or hinder our ability to provide the benefits of our software to consumers and businesses, reducing the attractiveness of our products and the revenue that comes from them. New competition law actions or obligations under market regulation schemes could be initiated, potentially using previous actions as precedent."
MSFT-2025-033,MSFT,technology,0,0,0,0,1,0,keyword,"PART I

Item 1A

Source code, the detailed program commands for our operating systems and other software programs, is critical to our business. If our source code leaks, we might lose future trade secret protection for that code. It may then become easier for third parties to compete with our products by copying functionality, which could adversely affect our results of operations. Unauthorized access to or disclosure of source code or other intellectual property also increases the security risks described elsewhere in these risk factors.

Third parties may claim that we infringe their intellectual property. From time to time, others claim we infringe their intellectual property rights, including current copyright infringement and other claims arising from AI training and output. To resolve these claims, we may enter into royalty-bearing data access or licensing agreements on terms that are less favorable than currently available, stop selling or redesign affected products or services, or pay damages to satisfy indemnification commitments with our customers. Adverse outcomes could also include monetary damages or injunctive relief that may limit or prevent importing, marketing, and selling our products or services that have infringing technologies. We have paid significant amounts to settle claims related to the use of technology and intellectual property rights and to procure intellectual property rights as part of our strategy to manage this risk, and may continue to do so, which could adversely affect our results of operations."
BAC-2026-034,BAC,banking,0,0,0,0,1,0,keyword,"Due to increasing consolidation, interdependence and complexity of financial entities and technology and information systems, a cybersecurity threat or incident, information or security breach or technology failure that significantly exposes, degrades, destroys, renders unavailable or compromises the information systems or information of one or more financial entities or other third parties, including cloud service providers, could adversely impact us and increase the risk of operational failure and loss, as disparate information systems need to be integrated, often on an accelerated basis. Also, any similar events affecting our information systems or information could adversely impact third parties and the critical infrastructure of the financial services industry, creating additional risk to us.

Cybersecurity incidents or information or security breaches could persist for an extended period of time prior to detection, and it often takes additional time to determine the scope, extent, amount and type of impact, including the information altered, destroyed, accessed or otherwise compromised, following which the measures to recover and restore to a business-as-usual state may be difficult to assess and require notification to our clients, government officials and regulators. We have spent and expect to continue to spend significant resources to modify and enhance our protective measures and our capabilities to respond and recover, investigate and remediate software and network defects and vulnerabilities, and defend against, detect and respond to cybersecurity threats and incidents, whether to us, third parties, the industry or businesses generally. Regardless of the efforts we take to protect the integrity and resilience of our information systems and implement controls, processes, policies, employee training and other protective measures, we cannot anticipate and detect all cybersecurity threats and incidents and/or develop or implement effective preventive or defensive measures designed to prevent, respond to or mitigate all cybersecurity threats and incidents. Internal access management or other technology failures could impact the confidentiality, integrity or availability of data and information. Our vulnerability increases if employees fail to exercise sound judgment and vigilance when targeted with social engineering or other cyberattacks."
JPM-2026-039,JPM,banking,0,0,1,0,1,0,keyword,"• reputational harm.

JPMorganChase's interconnectedness with clients, customers and other external parties could be a source of significant operational risk.

JPMorganChase could be exposed to operational risk if it is unable to access and use external operational systems, including during failures or cyber attacks related to those systems or other third-party systems. Similarly, retailers, payment systems and processors, data aggregators, and other external parties with which JPMorganChase's customers do business could increase JPMorganChase's operational risk. This is particularly the case where activities of customers or other parties are beyond JPMorganChase's security and control systems, including through the use of the internet, cloud computing services, and mobile devices or services.

JPMorganChase's interconnectivity with clients, customers and other external parties continues to expand, which increases the risk of failure or cyber attacks with respect to the systems of those parties. Any systems failure, security breach, or human error or misconduct that affects clients, customers or external parties could require JPMorganChase to take steps to protect the integrity of its own operational systems or to safeguard confidential information, including restricting the access of its customers to their accounts. These actions could increase JPMorganChase's operational costs and potentially diminish customer satisfaction and confidence in JPMorganChase."
MSFT-2025-013,MSFT,technology,0,0,0,0,1,0,keyword,"The security of our products and services is important in our customers' decisions to purchase or use our products or services across cloud and on-premises environments. Security threats are a significant challenge to companies like us, whose business is providing technology products and services to others. Threats to or attacks on our own infrastructure, such as the nation-state attack described in the prior risk factor, have also affected our customers and may do so in the future. The reliability of our cloud-based services and the protection of customer data depend on the security of our infrastructure, which includes hardware and other elements provided by third parties. Adversaries tend to focus their efforts on the most popular operating systems, programs, and services, including many of ours, as well as customers with sensitive data, and we expect that to continue. In addition, adversaries can attack our customers' on-premises or cloud environments, sometimes exploiting previously unknown (""zero-day"") vulnerabilities. Product vulnerabilities can persist even after we have issued security patches if customers have not installed the most recent updates, or if the attackers exploited the vulnerabilities before patching to install additional malware to further compromise customers' systems. Adversaries will continue to attack customers using our cloud services as customers embrace digital transformation. Adversaries that acquire user account information can use that information to compromise our users' accounts, including where accounts share the same attributes such as passwords. Inadequate account security practices may also result in unauthorized access, and user activity may result in ransomware or other malicious software impacting a customer's use of our products or services. Weaknesses in our development processes can result in vulnerabilities in our products. Open source software can also contain vulnerabilities that may make our products susceptible to cyberattacks as we increasingly incorporate open source software into our products. Additionally, features that rely on generative AI can be susceptible to security threats."
JPM-2026-040,JPM,banking,0,0,1,0,1,0,keyword,"Furthermore, the widespread interconnectivity among financial institutions, clearing banks, CCPs, payments processors, financial technology companies, securities exchanges, clearing houses, financial messaging networks and other financial market infrastructures increases the risk that the disruption of an operational system involving one entity could cause industry-wide operational disruptions that could materially affect JPMorganChase's ability to conduct business. In addition, the risks associated with the disruption of an operational system of a third-party could be exacerbated if the services provided by that system are widely used by market participants.

A successful cyber attack could cause significant harm to JPMorganChase and its clients and customers.

JPMorganChase experiences numerous cyber attacks on its computer systems, software, networks and other technology assets. Cyber attacks could take many forms, and may be designed to:

• introduce computer viruses or malicious code (i.e., ""malware"") into JPMorganChase's systems.

• obtain unauthorized access to JPMorganChase's systems or to confidential information belonging to

Part I

JPMorganChase or its clients, customers, counterparties or employees

• manipulate or destroy data

• disrupt, sabotage or degrade service on JPMorganChase's systems and websites, including those that provide online banking and other services

• steal money, or

• extort money through the use of so-called ""ransomware.""

Threat actors that perpetrate cyber attacks include individuals or groups that are:"
CVX-2025-007,CVX,energy,0,0,0,0,0,0,keyword,"On December 7, 2023, Chevron and Hess each received a request for additional information and documentary materials (Second Request) from the Federal Trade Commission (FTC). Following the FTC review of the transaction, on September 30, 2024, the FTC announced that a majority of the Commission voted to accept a consent agreement among the FTC,

Chevron and Hess, resolving the concerns the FTC identified during its review of the transaction. Chevron and Hess have taken and will continue to take appropriate steps to maintain our ability under the Hart-Scott-Rodino Act of 1976, as amended, to close the merger following satisfactory resolution of the ongoing arbitration proceedings regarding preemptive rights in the Stabroek Block joint operating agreement. Additionally, if any Guyanese governmental body, agency or authority of competent jurisdiction asserts that its approval is required as a result of the consequences of the merger in Guyana on Hess' assets in Guyana (which has not occurred as of the filing date of this report), approval of such governmental body, agency or authority will become a condition to each party's obligation to complete the merger.

The failure to satisfy all of the required conditions could delay the completion of the acquisition for a significant period of time or prevent it from occurring at all. A failure to complete the acquisition would mean that we will not realize the anticipated benefits of the transaction. In addition, the terms and conditions of the required regulatory authorizations and consents for the acquisition that are granted, if any, may impose requirements, limitations or costs or place restrictions on the conduct of the company's business after the transaction or materially delay the completion of the acquisition. A delay in completing the acquisition could cause the company to realize some or all of the benefits later than we otherwise expect to realize them if the acquisition is successfully completed within the anticipated timeframe, which could result in additional transaction costs or in other negative effects associated with uncertainty about completion of the acquisition."
XOM-2025-017,XOM,energy,0,0,0,0,1,1,keyword,"Reputation. Our reputation is an important corporate asset. Factors that could have a negative impact on our reputation include an operating incident or significant cybersecurity disruption; changes in consumer views concerning our products; changes in consumer media preferences from traditional mainstream media to decentralized and personalized media; a perception by investors or others that the Corporation is making insufficient progress with respect to our ambition to play a leading role in the energy transition, or that pursuit of this ambition may result in allocation of capital to investments with reduced returns; and other adverse events such as those described in this Item 1A. Negative impacts on our reputation could in turn make it more difficult for us to compete successfully for new opportunities, obtain necessary regulatory approvals, obtain financing, and attract talent, or they could reduce consumer demand for our branded products. ExxonMobil's reputation may also be harmed by events which negatively affect the image of our industry as a whole.

Projections, estimates, and descriptions of ExxonMobil's plans and objectives included or incorporated in Items 1, 1A, 1C, 2, 5, 7, and 7A of this report are forward-looking statements. Actual future results, including project completion dates, production rates, capital expenditures, costs, and business plans could differ materially due to, among other things, the factors discussed above and elsewhere in this report."
BAC-2026-054,BAC,banking,0,0,1,1,0,0,keyword,"Widespread adoption and rapid evolution of, as well as developments in the regulatory landscape relating to emerging technologies, including analytic capabilities, AI, automated decision-making, self-service digital trading platforms and automated trading markets, internet services, and digital assets (e.g., cryptocurrencies, stablecoins, tokens and other crypto assets) as well as payment, clearing and settlement processes that use distributed ledger technology, create additional strategic risks, could negatively impact our ability to compete and require substantial expenditures to the extent we were to modify or adapt our existing products and services. Also, our ability to offer certain products and services may be impacted by legal or regulatory considerations. As new technologies evolve and mature, including the further development of the nonbank digital asset ecosystem (e.g., related to nonbank stablecoins or digital asset trading), and new competitors to the payments and trading ecosystems emerge and current competitors adapt, our businesses and results of operations could be adversely impacted, and we could experience increased volatility in deposits and/or significant long-term reduction in deposits (i.e., financial disintermediation).

Also, we may not be timely or successful in assessing competition, developing, introducing or integrating new products and services, responding, managing or adapting to changes in consumer behavior, preferences, spending, investing or saving habits, achieving market acceptance of our products and services, reducing costs of our products and services in response to pricing pressures or developing and maintaining clients. Our businesses may be negatively impacted if we, or our third-party providers, do not timely develop and apply emerging technologies, such as AI and quantum computing, or if our initiatives in these areas are deficient or fail, or do not achieve the financial benefits anticipated. Our third-party providers' inability or resistance to timely innovate or adapt operations, products and services to evolving regulatory and market environments, industry standards and consumer preferences could result in service disruptions, harm our business and adversely affect our results of operations and reputation."
CVX-2024-004,CVX,energy,0,0,1,1,1,0,keyword,"critical systems and infrastructure, resulting in disruptions to its business operations, injury to people, harm to the environment or its assets, disruptions in access to its financial reporting systems, or loss, misuse or corruption of its critical data and proprietary information, including without limitation its intellectual property and business information and that of its employees, customers, partners and other third parties. Any of the foregoing can be exacerbated by a delay or failure to detect a cyber incident or the full extent of such incident. Further, the company is increasingly experiencing cyber incidents related to its third-party vendors. Some third-party vendors house the company's critical data and proprietary information on their IT systems, including the cloud; others have access to Chevron's IT systems or provide software through which threat actors could gain access or introduce malware to Chevron's IT systems. Regardless of the precise method or form, cyber events could result in significant financial losses, legal or regulatory violations, reputational harm, and legal liability and could ultimately have a material adverse effect on the company's business and results of operations.

The company's operations have inherent risks and hazards that require significant and continuous oversight Chevron's results depend on its ability to identify and mitigate the risks and hazards inherent to operating in the energy industry. The company seeks to minimize these operational risks by carefully designing and building its facilities and conducting its operations in a safe and reliable manner. However, failure to manage these risks effectively could impair our ability to operate and result in unexpected incidents, including releases, explosions or mechanical failures resulting in personal injury, loss of life, environmental damage, loss of revenues, legal liability and/or disruption to operations. Chevron has implemented and maintains a system of corporate policies, standards, processes and systems, behaviors and compliance mechanisms to manage safety, health, environmental, reliability and efficiency risks; to verify compliance with applicable laws and policies; and to respond to and learn from unexpected incidents. In certain situations where Chevron is not the operator, the company may have limited influence and control over third parties, which may limit its ability to manage and control such risks."
MSFT-2025-004,MSFT,technology,0,0,0,0,0,0,keyword,"Some companies compete with us by modifying and then distributing open source software at little or no cost to end users, developing, making available, or using AI models that are open, and earning revenue on advertising or integrated products and services. These firms do not bear the full costs of research and development for the open source products. Some open source products mimic the features and functionality of our products.

The competitive pressures described above may cause decreased sales volumes, price reductions, and/or increased operating costs, such as for research and development, marketing, and sales incentives, which could adversely affect our financial condition and results of operations.

Our focus on cloud-based and AI services presents execution and competitive risks. We are incurring significant costs to build and maintain infrastructure to support cloud-based and AI services, reducing operating margins. Whether we succeed in cloud-based and AI services depends on our execution in several areas, including:

Continuing to bring to market compelling cloud-based and AI services and products that generate increasing traffic and market share.

Maintaining the utility, compatibility, and performance of our cloud-based and AI services on the growing array of computing devices, including PCs, smartphones, tablets, gaming consoles, and other devices."
NVDA-2024-032,NVDA,technology,0,0,0,0,0,0,keyword,"For example, when integrating acquisition target systems into our own, we have experienced and may continue to experience challenges including lengthy and costly systems integration, delays in purchasing and shipping products, difficulties with system integration via electronic data interchange and other processes with our key suppliers and customers, and training and change management needs of integration personnel. These challenges have impacted our results of operations and may continue to do so in the future.

We receive a significant amount of our revenue from a limited number of partners and distributors and we have a concentration of sales to customers who purchase directly or indirectly from us, and our revenue could be adversely affected if we lose or are prevented from selling to any of these customers.

We receive a significant amount of our revenue from a limited number of customers within our distribution and partner network. Sales to one customer, Customer A, represented 13% of total revenue for fiscal year 2024, which was attributable to the Compute & Networking segment. With several of these channel partners, we are selling multiple products and systems in our portfolio through their channels. Our operating results depend on sales within our partner network, as well as the ability of these partners to sell products that incorporate our processors. In the future, these partners may decide to purchase fewer products, not to incorporate our products into their ecosystem, or to alter their purchasing patterns in some other way. Because most of our sales are made on a purchase order basis, our customers can generally cancel, change or delay product purchase commitments with little notice to us and without penalty. Our partners or customers may develop their own solutions; our customers may purchase products from our competitors; and our partners may discontinue sales or lose market share in the markets for which they purchase our products, all of which may alter partners' or customers' purchasing patterns. Many of our customers often do not purchase directly from us but purchase through multiple OEMs, ODMs, system integrators, distributors and other channel partners. One indirect customer which primarily purchases our products through system integrators and distributors, including through Customer A, is estimated to have represented approximately 19% of total revenue for fiscal year 2024, attributable to the"
CVX-2026-016,CVX,energy,0,0,0,1,0,1,keyword,"Our ambitions and disclosures related to ESG matters subject us to numerous risks that may negatively impact our reputation and stock price or result in other material adverse impacts to the company Chevron has set a number of lower carbon-related ambitions, which may include aspirations, targets, guidance, objectives, metrics, and/or goals. Chevron regularly evaluates its ambitions. The company has changed and/or eliminated some of these aspirations, targets, and other ambitions and may continue to do so in the future for various reasons, including market conditions; its strategy or portfolio; and financial, operational, policy, reputational, legal and other factors.

Our ability to achieve any ambition, including those related to GHG emissions or climate-related initiatives, such as those outlined in the Management's Discussion and Analysis of Financial Condition and Results of Operations, on pages 36 through 37, as well as efforts concerning new businesses, is subject to numerous risks and contingencies, many of which are outside of Chevron's control and persist. Examples of such risks and contingencies include: (1) sufficient and substantial advances in technology, including progress of commercially viable technologies and low- or non-carbon-based energy sources; (2) laws, governmental regulation, policies, and other enabling actions, including those regarding subsidies, tax and other incentives as well as the granting of necessary permits by governing authorities; (3) successful generation, acquisition, retirement and accounting of cost-effective, verifiable carbon offsets from nature-based solutions or carbon capture and storage; (4) the availability of suppliers that can meet sustainability-related standards; (5) evolving regulatory requirements affecting ESG standards or disclosures; (6) evolving standards for tracking and reporting on"
CVX-2025-016,CVX,energy,0,0,0,0,0,1,keyword,"Some stakeholders, including but not limited to sovereign wealth, pension, and endowment funds, have been divesting and promoting divestment of or screening out of fossil fuel equities and urging lenders to limit funding to companies engaged in the extraction of fossil fuel reserves. Further, voluntary carbon-related and target-setting frameworks have been developed that may limit the ability of certain sectors, including the oil and gas sector, from accessing capital, and may result in exclusion of the company's equity or debt from being included as an investment option in portfolios. In addition, some stakeholders, including some of our investors, have divergent and evolving views on our ESG-related strategies and priorities, vis-à-vis our lines of business, calling for focus on increased production of oil and gas products rather than lower carbon business lines and climate-related targets. These circumstances, among others, may result in pressure from activists on production; unfavorable reputational impacts, including inaccurate perceptions or a misrepresentation of our actual ESG policies, practices and performance; diversion of management's attention and resources; and proxy fights, among other material adverse impacts on our businesses.

In addition, organizations that provide information to investors on corporate governance and related matters have developed ratings processes for evaluating companies on their approach to ESG matters, including climate change and climate-related risks (including entities commonly referred to as ""raters and rankers""). Such ratings are used by some investors to inform their investment and voting decisions. Unfavorable ESG ratings and investment community divestment initiatives, among other actions, may lead to negative investor sentiment toward Chevron and to the diversion of investment to other industries, which could have a negative impact on our stock price and our access to and costs of capital. Additionally, evolving expectations on various ESG matters, including human rights, biodiversity, waste and water, have increased, and may continue to increase costs, require changes in how we operate and lead to negative stakeholder sentiment."
JPM-2026-050,JPM,banking,1,0,1,0,0,1,keyword,"• interruption of service from third-party service providers, including financial market infrastructures

• damage to or loss of property or assets of JPMorganChase or third parties, and any consequent injuries, including in connection with any construction projects undertaken by JPMorganChase

• failure or perceived failure by clients, customers or counterparties of JPMorganChase, or by other parties, including newly-acquired businesses, companies in which JPMorganChase has made principal investments, parties to joint ventures with JPMorganChase and vendors with which

JPMorganChase does business, to comply with applicable law

• natural disasters, severe weather conditions or the effects of climate change

• accidents such as explosions or structural failures

• health emergencies, or

• events arising from any outbreak or escalation of civil unrest, hostilities, terrorist acts or other violence or criminal activity.

There can be no assurance that JPMorganChase's Firmwide resiliency framework will mitigate all potential resiliency risks to JPMorganChase, its clients and customers, and the third parties, including service providers with which it does business, or that the resiliency framework will be able to anticipate or defend against every form of disruption or adequately address the effects of simultaneous or prolonged disruptions. In addition, JPMorganChase's ability to respond effectively to a disruption event could be hampered to the extent that the members of its workforce, physical assets, systems and other support infrastructure, or those of its third-party service providers, that are needed to address the event are geographically dispersed, or conversely, if such an event were to occur in an area in which they are concentrated. Further, should extraordinary events or the factors that cause or contribute to those events become more chronic, the disruptive effects of those events on JPMorganChase's business and operations, and on its clients, customers, counterparties and employees, could become more significant and persistent."
CVX-2024-012,CVX,energy,0,0,0,1,0,1,keyword,"Many of these actions, as well as customers' and consumers' preferences and use of the company's products or substitute products, and actions taken by the company's competitors in response to legislation and regulations, are beyond the company's control.

Similar to any significant changes in the regulatory environment, climate change-related legislation, regulation, or other government actions may curtail profitability in oil and gas and lower carbon businesses, as well as render the extraction of the company's hydrocarbon resources economically infeasible. In particular, GHG emissions-related legislation, regulations, and other government actions, and shifting customer and consumer preferences and other private efforts aimed at reducing GHG emissions may result in increased and substantial capital, compliance, operating, and maintenance costs and could, among other things, reduce demand for hydrocarbons and the company's hydrocarbon-based products; increase demand for lower carbon products and alternative energy sources; make the company's products more expensive; adversely affect the economic feasibility of the company's resources; impact or limit our business plans; and adversely affect the company's sales volumes, revenues, margins and reputation. For example, some jurisdictions are in various stages of design, adoption, and implementation of policies and programs that cap emissions and/or require short-, medium-, and long-term GHG reductions by operators at the asset or facility level, which may not be technologically feasible, or which could require significant capital expenditure, increase costs of or limit production, result in impairment of assets and limit Chevron's ability to cost-effectively reduce GHG emissions across its global portfolio."
AAPL-2025-032,AAPL,technology,0,1,0,0,0,0,keyword,"The Company's financial performance is subject to risks associated with changes in the value of the U.S. dollar relative to local currencies.

The Company's primary exposure to movements in foreign exchange rates relates to non–U.S. dollar–denominated sales, cost of sales and operating expenses worldwide. Gross margins on the Company's products in foreign countries and on products that include components obtained from foreign suppliers have in the past been adversely affected and could in the future be materially adversely affected by foreign exchange rate fluctuations.

The weakening of foreign currencies relative to the U.S. dollar adversely affects the U.S. dollar value of the Company's foreign currency–denominated sales and earnings, and generally leads the Company to raise international pricing, potentially reducing demand for the Company's products. In some circumstances, for competitive or other reasons, the Company may decide not to raise international pricing to offset the U.S. dollar's strengthening, which would adversely affect the U.S. dollar value of the gross margins the Company earns on foreign currency–denominated sales.

Apple Inc. | 2025 Form 10-K | 15

Conversely, a strengthening of foreign currencies relative to the U.S. dollar, while generally beneficial to the Company's foreign currency–denominated sales and earnings, could cause the Company to reduce international pricing or incur losses on its foreign currency derivative instruments, thereby limiting the benefit. Additionally, strengthening of foreign currencies may increase the Company's cost of product components denominated in those currencies, thus adversely affecting gross margins."
XOM-2024-000,XOM,energy,0,1,0,0,0,1,keyword,"ExxonMobil's financial and operating results are subject to a variety of risks inherent in the global oil, gas, and petrochemical businesses and the pursuit of lower-emission business opportunities. Many of these risk factors are not within the company's control and could adversely affect our business, our financial and operating results, or our financial condition. These risk factors include:

Supply and Demand

The oil, gas, and petrochemical businesses are fundamentally commodity businesses. This means ExxonMobil's operations and earnings may be significantly affected by changes in oil, gas, and petrochemical prices and by changes in margins on refined products. Oil, gas, petrochemical, and product prices and margins in turn depend on local, regional, and global events or conditions that affect supply and demand for the relevant commodity or product. Any material decline in oil or natural gas prices could have a material adverse effect on the company's operations, financial condition, and proved reserves, especially in the Upstream segment. On the other hand, a material increase in oil or natural gas prices could have a material adverse effect on the company's operations, especially in the Energy Products, Chemical Products, and Specialty Products segments. Our pursuit of lower-emission business opportunities including carbon capture and storage, hydrogen, lower-emission fuels, and lithium also depends on the growth and development of markets for those products and services, including implementation of supportive government policies and developments in technology to enable those products and services to be provided on a cost-effective basis at commercial scale. See ""Climate Change and the Energy Transition"" in this Item 1A."
JPM-2026-068,JPM,banking,0,0,0,0,0,0,keyword,"In addition, emerging markets countries, as well as more developed countries, have been susceptible to unfavorable social developments arising from poor economic conditions or governmental actions, including:

• widespread demonstrations, civil unrest or general strikes

• crime and corruption

• security and personal safety issues

• outbreaks or escalations of hostilities, or other geopolitical instabilities

• overthrow of incumbent governments

• terrorist attacks, and

• other forms of internal discord.

These types of developments have in the past resulted in, and in the future could lead to, conditions that could adversely affect JPMorganChase's operations in the affected countries and impair the revenues, growth and profitability of those operations. In addition, any of these events or circumstances in one country could affect JPMorganChase's operations and investments in another country, including in the U.S.

People

Various factors could impact JPMorganChase's workforce.

JPMorganChase's efforts to hire and retain talented employees could be hindered by factors such as:

• the emerging need for more-skilled workers in an evolving workplace environment, and

• targeted recruitment of JPMorganChase employees by competitors.

JPMorganChase's performance and competitive position could be materially and adversely affected if it is unable to attract or retain qualified employees or to effectively manage succession planning for key leadership roles, such as the Chief Executive Officer, members of the Operating Committee and other senior leaders. In addition, restrictive immigration or travel policies in the U.S. and other countries could inhibit JPMorganChase's ability to attract and retain qualified employees, or necessitate adjustments to operating models that could reduce operational efficiency or increase costs.

Advances in technology, such as automation, AI and data science, could lead to workforce displacement. This could require JPMorganChase to invest in additional employee training, manage impacts on morale and retention, and compete for employment candidates who possess more advanced technological skills, all of which could have a negative impact on JPMorganChase's business and operations.

Parts I and II"
MSFT-2025-007,MSFT,technology,0,0,0,0,1,0,keyword,"Acquisitions, joint ventures, and strategic alliances could have an adverse effect on our business. We expect to continue making acquisitions and entering into joint ventures and strategic alliances as part of our long-term business strategy. For example, in October 2023 we completed our acquisition of Activision Blizzard , Inc. (""Activision Blizzard""). In January 2023 we announced the third phase of our OpenAI strategic partnership. Acquisitions and other transactions and arrangements involve significant challenges and risks, including that they do not advance our business strategy, that we get an unsatisfactory return on our investment, that they raise new compliance-related obligations and challenges, that we have difficulty integrating and retaining new employees, business systems, and technology, that they distract management from our other businesses, or that announced transactions may not be completed. If an arrangement fails to adequately anticipate changing circumstances and interests of a party, it may result in early termination or renegotiation of the arrangement. We also have limited ability to control or influence third parties with whom we have arrangements, which may impact our ability to realize the anticipated benefits. The success of these transactions and arrangements depend in part on our ability to leverage them to enhance our existing products and services or develop compelling new ones, as well as the acquired companies' ability to meet our policies and processes in areas such as data governance, privacy, digital safety, responsible AI, and cybersecurity. It may take longer than expected to realize the full economic benefits from these transactions and arrangements, such as increased revenue or enhanced efficiencies, or the benefits may ultimately be smaller than we expected, which could cause an impairment of goodwill or intangibles. We have recorded, and may in the future be required to record, a significant charge in our consolidated financial statements during the period in which any impairment of our goodwill or amortizable intangible assets is determined, negatively affecting our results of operations. In addition, an acquisition may be subject to challenge even after it has been completed. These events could adversely affect our business, operations, financial condition, and results of operations."
MSFT-2024-004,MSFT,technology,0,0,0,0,0,0,keyword,"Some companies compete with us by modifying and then distributing open source software at little or no cost to end users, using open source AI models, and earning revenue on advertising or integrated products and services. These firms do not bear the full costs of research and development for the open source products. Some open source products mimic the features and functionality of our products.

The competitive pressures described above may cause decreased sales volumes, price reductions, and/or increased operating costs, such as for research and development, marketing, and sales incentives, which may adversely affect our financial condition and results of operations.

Our focus on cloud-based and AI services presents execution and competitive risks. We are incurring significant costs to build and maintain infrastructure to support cloud computing and AI services. These costs will reduce the operating margins. Whether we succeed in cloud-based and AI services depends on our execution in several areas, including:

Continuing to bring to market compelling cloud-based and AI experiences and products that generate increasing traffic and market share.

Maintaining the utility, compatibility, and performance of our cloud-based and AI services on the growing array of computing devices, including PCs, smartphones, tablets, gaming consoles, and other devices."
AAPL-2024-001,AAPL,technology,0,1,0,0,0,0,keyword,"Adverse macroeconomic conditions, including slow growth or recession, high unemployment, inflation, tighter credit, higher interest rates, and currency fluctuations, can adversely impact consumer confidence and spending and materially adversely affect demand for the Company's products and services. In addition, consumer confidence and spending can be materially adversely affected in response to changes in fiscal and monetary policy, financial market volatility, declines in income or asset values, and other economic factors.

In addition to an adverse impact on demand for the Company's products and services, uncertainty about, or a decline in, global or regional economic conditions can have a significant impact on the Company's suppliers, contract manufacturers, logistics providers, distributors, cellular network carriers and other channel partners, and developers. Potential outcomes include financial instability; inability to obtain credit to finance business operations; and insolvency.

Adverse economic conditions can also lead to increased credit and collectibility risk on the Company's trade receivables; the failure of derivative counterparties and other financial institutions; limitations on the Company's ability to issue new debt; reduced liquidity; and declines in the fair values of the Company's financial instruments. These and other impacts can materially adversely affect the Company's business, results of operations, financial condition and stock price."
CVX-2025-013,CVX,energy,0,0,0,1,0,1,keyword,"Similar to any significant changes in the regulatory environment, climate change-related legislation, regulation, or other government actions may curtail profitability, as well as render the extraction of the company's hydrocarbon resources economically infeasible. In particular, GHG emissions-related legislation, regulations, and other government actions, and shifting customer and consumer preferences and other private efforts aimed at reducing GHG emissions may result in increased and substantial capital, compliance, operating, and maintenance costs and could, among other things, reduce demand for hydrocarbons and the company's hydrocarbon-based products; increase demand for lower carbon products and alternative energy sources; make the company's products more expensive; adversely affect the economic feasibility of the company's resources; impact or limit our business plans; and adversely affect the company's sales volumes, revenues, margins and reputation. For example, some jurisdictions are in various stages of design, adoption, and implementation of policies and programs that cap emissions and/or require short-, medium-, and long-term GHG reductions by operators at the asset or facility level, which may not be technologically feasible, or which could require significant capital expenditure, increase costs of or limit production, result in impairment of assets and limit Chevron's ability to cost-effectively reduce GHG emissions across its global portfolio. Additionally, some jurisdictions are in various stages of enacting or implementing legislation that imposes retroactive liability on estimated past GHG emissions by certain energy producers and refiners."
JPM-2026-047,JPM,banking,0,0,1,0,0,0,keyword,"JPMorganChase's business and operations rely on appropriate staffing and on the competence, trustworthiness, health and safety of employees.

JPMorganChase's ability to operate its businesses efficiently and profitably, to offer products and services that meet the expectations of its clients and customers,

Part I

and to maintain an effective risk management framework is highly dependent on its ability to staff its operations appropriately and on the competence, trustworthiness, health and safety of its employees. JPMorganChase's businesses and operations similarly rely on the workforces of third parties, including employees of vendors, custodians and financial markets infrastructures, and of businesses that it may seek to acquire.

JPMorganChase's businesses could be materially and adversely affected by:

• staffing shortages, particularly in tight labor markets

• any failure by employees to adhere to controls designed to mitigate operational risks

• the possibility that significant portions of JPMorganChase's workforce are unable to work effectively, including due to health emergencies or other extraordinary events beyond JPMorganChase's control

• theft, fraud or other unlawful conduct by employees, or

• other negative outcomes caused by human error or misconduct

JPMorganChase's operations could also be impaired if the measures that it takes to protect the health and safety of employees, or actions taken by governmental authorities or other external parties on which it relies are ineffective."
MSFT-2026-009,MSFT,technology,0,0,0,1,1,0,keyword,"Acquisitions, joint ventures, and strategic alliances could have an adverse effect on our business. We expect to continue making acquisitions and entering into joint ventures and strategic alliances as part of our long-term business strategy. For example, in October 2023 we completed our acquisition of Activision Blizzard , Inc. Additionally, we have a long-term strategic partnership with OpenAI. Acquisitions and other transactions and arrangements involve significant challenges and risks, including that they do not advance our business strategy, that we get an unsatisfactory return on our investment, that they raise new compliance-related obligations and challenges, that we have difficulty integrating and retaining new employees, business systems, and technology, that they distract management from our other businesses, or that announced transactions may not be completed. If an arrangement fails to adequately anticipate changing circumstances and interests of a party, it may result in early termination or renegotiation of the arrangement. We also have limited ability to control or influence third parties with whom we have arrangements, which may impact our ability to realize the anticipated benefits. The success of these transactions and arrangements depend in part on our ability to leverage them to enhance our existing products and services or develop compelling new ones, as well as the acquired companies' ability to meet our policies and processes in areas such as data governance, privacy, digital safety, responsible AI, and cybersecurity. It may take longer than expected to realize the full economic benefits from these transactions and arrangements, such as increased revenue or enhanced efficiencies, or the benefits may ultimately be smaller than we expected, which could cause an impairment of goodwill or intangibles. We have recorded, and may in the future be required to record, a significant charge in our consolidated financial statements during the period in which any impairment of our goodwill or amortizable intangible assets is determined, negatively affecting our results of operations. In addition, these transactions and arrangements have been and may be subject to legal and regulatory challenge. These events could adversely affect our business, operations, financial condition, and results of operations."
CVX-2026-005,CVX,energy,0,0,1,1,1,0,keyword,"Chevron is incorporating artificial intelligence technologies into its processes and these technologies may present business, compliance, and reputational risks The company is increasingly utilizing artificial intelligence (""AI"") technologies in certain of its processes, information systems and various operations, and expects that AI will assume a more critical role in its operations over time. The use of AI technologies introduces certain risks to the company, including potential dependency on biased or incorrect AI outputs, new or enhanced regulatory requirements, litigation, privacy risks, cybersecurity risks, reputational harm, liability or other adverse consequences, any of which could adversely affect its business, financial condition and results of operations. Additionally, other unforeseen risks stemming from either the company's or third-party service providers' use and development of AI tools and technologies, or the company's inability to adopt such technologies at the same pace as its competitors, may arise in the future that could adversely affect its business and results of operations.

The company's operations have inherent risks and hazards that require significant and continuous oversight Chevron's results depend on its ability to identify and mitigate the risks and hazards inherent to operating in the energy industry. The company seeks to minimize these operational risks by carefully designing and building its facilities and conducting its operations in a safe and reliable manner. However, failure to manage these risks effectively could impair our ability to operate and result in unexpected incidents, including releases, explosions or mechanical failures resulting in personal injury, loss of life, environmental damage, loss of revenues, legal liability and/or disruption to operations. Chevron has implemented and maintains a system of corporate policies, standards, processes and systems, behaviors and compliance mechanisms to manage safety, health, environmental, reliability and efficiency risks; to verify compliance with applicable laws and policies; and to respond to and learn from unexpected incidents. In certain situations where Chevron is not the operator, the company may have limited influence and control over third parties, which may limit its ability to manage and control such risks."
NVDA-2026-018,NVDA,technology,0,1,1,0,0,0,keyword,"In general, if a product liability claim regarding any of our products is brought against us, even if the alleged damage is due to the actions or inactions of a third party, such as within our supply chain, the cost of defending the claim could be significant and would divert the efforts of our technical and management personnel and harm our business. Further, our business liability insurance may be inadequate or future coverage may be unavailable on acceptable terms, which could adversely impact our financial results.

Risks Related to Our Global Operating Business

Adverse economic conditions may harm our business.

Economic and industry uncertainty or changes, including recession or slowing growth, inflation, changes or uncertainty in fiscal, monetary, or trade policy, disruptions to capital markets and the banking system, currency fluctuations, higher interest rates, tighter credit, lower capital expenditures by businesses, including on IT infrastructure, increases in unemployment, labor shortages, and lower consumer confidence and spending, global supply chain constraints, and global economic and geopolitical developments, including the implementation of tariffs by the USG or other governments, have in the past and/or could in the future have adverse, wide-ranging effects on our business and financial results, including:

• increased costs for wafers, components, logistics, and other supply chain expenses, which have negatively impacted our gross margin in the past and may do so in the future;"
XOM-2026-011,XOM,energy,0,0,0,0,0,1,keyword,"Technology and lower-emission solutions. Achieving societal ambitions to reduce greenhouse gas emissions and ultimately achieve net zero will require new technologies and added infrastructure to reduce the cost and increase the scalability of solutions to reduce emissions, as well as technologies such as carbon capture and storage (CCS). CCS technologies, focused initially on capturing and sequestering CO2 emissions from high-carbon intensity industrial activities, can assist in meeting society's objective to mitigate atmospheric greenhouse gas levels while also helping to ensure the availability of the reliable and affordable energy the world requires. ExxonMobil has established a Low Carbon Solutions (LCS) business unit and is continuing efforts in our existing businesses to advance the development and deployment of these technologies and projects, including CCS, hydrogen and ammonia, lower-emission fuels, Proxxima TM resin systems, advanced energy-saving materials, low-carbon data centers, lithium, and other technologies. The Company's efforts include both in-house research and development as well as collaborative efforts with leading universities and with commercial partners involved in new energy technologies. Our future results and ability to grow our business, help others meet their emission-reduction goals, and succeed in a lower-emissions future will depend in part on the success of these research and collaboration efforts and on our ability to adapt and apply the strengths of our current business model to providing the energy products of the future in a cost-competitive manner."
CVX-2025-001,CVX,energy,1,1,0,0,0,0,keyword,"Extended periods of low prices for crude oil, natural gas, and natural gas liquids can have a material adverse impact on the company's results of operations, financial condition and liquidity. Among other things, the company's upstream earnings, cash flows, and capital expenditure programs could be negatively affected, as could its production and proved reserves. Upstream assets may also become impaired. Downstream earnings could be negatively affected because they depend upon the supply and demand for refined products and the associated margins on refined product sales. A significant or sustained decline in liquidity could adversely affect the company's credit ratings, potentially increase financing costs and reduce access to capital markets. The company may be unable to realize anticipated cost savings, expenditure reductions and asset sales that are intended to compensate for such downturns, and such downturns may also slow the pace and scale at which we are able to invest in our business, including our Chevron New Energies organization. In some cases, transferred liabilities, including for decommissioning of previously divested assets, have returned and may continue to return to the company when an acquirer of those assets subsequently defaults on the assumed transferred liabilities (e.g., bankruptcy). In addition, extended periods of low commodity prices can have a material adverse impact on the results of operations, financial condition and liquidity of the company's suppliers, vendors, partners and equity affiliates upon which the company's own results of operations and financial condition depend."
C-2026-006,C,banking,0,1,0,0,0,0,keyword,"• For more information on non- Markets net interest income, see ""Market Risk—Non- Markets Net Interest Income"" below. Management uses non- Markets net interest income to assess the performance of Citi's non- Markets lending, investing (including asset-liability management) and deposit-raising activities, apart from any volatility associated with such Markets ' activities. Citi believes the use of this non-GAAP measure provides investors, industry analysts and others with an alternative measure to analyze the net interest income trends of Citi's lending, investing and deposit-raising activities, by providing a meaningful depiction of the underlying fundamentals of period-to-period operating results of those activities; improved visibility into management decisions and their impacts on operational performance; and additional comparability to peer companies.

• Included in Citi's reported revenues was an immaterial increase in divestiture-related revenues of ($176) million in the current year, primarily related to Citi's Poland consumer banking business, compared to aggregate divestiture-related revenues of $26 million in the prior year. Accordingly, Citi is not adjusting for these immaterial amounts.

Citigroup is managed pursuant to five reportable business segments (segments), also referred to as Citi's ""five businesses"": Services , Markets , Banking , Wealth and U.S. Personal Banking. Activities not assigned to the segments are included in All Other . For additional information, see the results of operations for each of the segments and All Other within ""Management's Discussion and Analysis of Financial Condition and Results of Operations"" below."
AAPL-2025-030,AAPL,technology,0,0,0,1,0,0,keyword,"The Company makes statements about its use and disclosure of personal data through its privacy policy, information provided on its website, press statements and other privacy notices provided to customers. Any failure or perceived failure by the Company to comply with these public statements or with federal, state or international privacy or data protection laws and regulations could result in inquiries, proceedings and penalties from governmental entities or others. Such a failure or perceived failure could also result in reputational impacts, ongoing audit requirements and significant legal liability. The risks of inadvertent disclosure of personal data can increase with the introduction of new and complex technologies, such as artificial intelligence features, further exacerbating such risks.

In addition to the risks generally relating to the collection, use, retention, protection and transfer of personal data, the Company is also subject to specific obligations relating to the collection and processing of data associated with minors, as well as information considered sensitive under applicable laws, such as health, biometric, financial and payment card data. Health, biometric, financial and payment card data are subject to additional privacy, security and breach notification requirements, and the Company is subject to audit by governmental authorities regarding the Company's compliance with these obligations. If the Company fails to adequately comply with these rules and requirements, the Company can be subject to litigation or government investigations, can be liable for associated investigatory expenses, and can incur significant fees or fines."
COP-2024-012,COP,energy,0,0,0,1,0,1,keyword,"For more information on legislation or precursors for possible regulation relating to global climate change that affect or could affect our operations and a description of the company's response, see the ""Contingencies—Climate Change"" and "" —Company Response to Climate -Related Risks "" sections of Management's Discussion and Analysis of Financial Condition and Results of Operations.

Broader investor and societal attention to and efforts to address global climate change may limit who can do business with us or our access to financial markets and could subject us to litigation.

Increasing attention to global climate change has also resulted in pressure from and upon stockholders, financial institutions and other financial market participants to potentially limit or discontinue investments, insurance and funding to oil and gas companies. For example, a significant number of financial institutions are now members of the Glasgow Financial Alliance for Net Zero (GFANZ), thereby pledging to the goal of net zero by 2050, as well as setting interim targets for 2030 or earlier. While they are not prohibited from doing business with oil and gas companies, GFANZ members may self-impose limits. Conversely, we also face pressure from some in the investment community and certain public interest groups to limit the focus on ESG in our decision-making, arguing that ESG considerations do not relate to financial outcomes. As public pressure continues to mount on the financial sector, our costs of capital may increase."
XOM-2025-008,XOM,energy,0,0,0,0,0,1,keyword,"Net-zero scenarios. Driven by concern over the risks of climate change, a number of countries have adopted, or are considering the adoption of, regulatory frameworks to report on or reduce greenhouse gas emissions, including emissions from the production and use of oil and gas and their products, as well as increase the use of or support for different emission-reduction technologies. These actions are being taken both independently by national and regional governments and within the framework of United Nations Conference of the Parties summits under which many countries of the world have endorsed objectives to reduce the atmospheric concentration of carbon dioxide (CO2) over the coming decades, with an ambition ultimately to achieve ""net zero"". Net zero means that emissions of greenhouse gases from human activities would be balanced by actions that remove such gases from the atmosphere. Expectations for transition of the world's energy system to lower-emission sources, and ultimately net-zero, derive from hypothetical scenarios that reflect many assumptions about the future, including supportive policy and technology advancements, and reflect substantial uncertainties. The Company's objective to play a leading role in the energy transition, including the Company's announced ambition ultimately to achieve net zero with respect to Scope 1 and 2 emissions from operations with continued technology development and government policy support where ExxonMobil is the operator, carries risks that the transition, including underlying technologies, government policies, and markets as discussed in more detail below, will not be available or develop at the pace or in the manner expected by current net-zero scenarios. The success of our strategy for the energy transition will also depend on our ability to recognize key signposts of changes in the global energy system on a timely basis, and our corresponding ability to direct investment to the technologies and businesses, at the appropriate stage of development, to best capitalize on our competitive strengths."
COP-2026-009,COP,energy,0,0,0,1,0,1,keyword,"ConocoPhillips 2025 10-K

Risk Factors

In addition, although we design and operate our business operations to accommodate expected climatic conditions, to the extent there are significant changes in the earth's climate, such as more severe or frequent weather conditions in the markets where we operate or the areas where our assets reside, we could incur increased expenses, our operations and supply chain could be adversely impacted and demand for our products could fall.

Any of these factors, or other cascading effects of such factors, could materially increase our costs; negatively impact our revenues or ability to implement and advance our Climate-related Risk Strategy; and damage our financial condition, results of operations, cash flows and liquidity position. The full extent and duration of any such impacts cannot be predicted at this time because of the lack of certainty surrounding their sources, causes and outcomes.

Legal and Regulatory Risks

We expect to continue to incur substantial capital expenditures and operating costs as a result of our compliance with existing and future environmental laws and regulations.

Our business is subject to numerous laws and regulations relating to the protection of the environment, which are expected to continue to have an increasing impact on our operations. For a description of the most significant of these environmental laws and regulations, see the ""Contingencies—Environmental"" , ""—Climate Change"" and ""—Company Response to Climate-Related Risks"" sections of Management's Discussion and Analysis of Financial Condition and Results of Operations. These laws and regulations continue to increase in both number and complexity and affect our operations with respect to, among other things:"
NVDA-2026-020,NVDA,technology,1,1,1,0,0,0,keyword,"Additionally, we maintain a portfolio of liquid investments for cash management purposes, including various holdings, types, and maturities. These investments are subject to general credit, liquidity, market and interest rate risks, which may be exacerbated by market downturns or events that affect global financial markets, as described above. A majority of our investment portfolio comprises USG securities. A decline in global financial markets for long periods or a downgrade of the USG credit rating due to an actual or threatened default on government debt could result in higher interest rates, a decline in the value of the U.S. dollar, reduced market liquidity or other adverse conditions. These factors could cause an unrealized or realized loss position in our investments or require us to record impairment charges.

International sales and operations are a significant part of our business, which exposes us to risks that could harm our business.

We sell our products internationally, and we also have operations and conduct business internationally. Our semiconductor wafers are manufactured, assembled, tested and packaged by third parties located outside of the United States, and we generated 31% of our revenue in fiscal year 2026 from sales outside the United States. The market in China, where our offerings are limited by export controls, is highly competitive and we expect it to remain competitive going forward. The global nature of our business subjects us to a number of risks and uncertainties, which have had in the past and could in the future have a material adverse effect on our business, financial condition and results of operations. These include domestic and international economic and political conditions in countries in which we and our suppliers and manufacturers do business, government lockdowns to control case spread of global or local health issues, differing legal standards with respect to protection of IP and employment practices, different domestic and international business and cultural practices, disruptions to capital markets, counter-inflation policies, currency fluctuations, natural disasters, acts of war or other military actions, terrorism, public health issues, restrictions on international trade, such as tariffs, sanctions, and other controls on imports or exports, and catastrophic events."
JPM-2026-035,JPM,banking,0,0,0,0,0,0,keyword,"• requiring the issuance of, or prohibiting the redemption of, capital instruments in a manner inconsistent with JPMorganChase's capital management strategy

• constraining the amount of dividends that can be paid on common stock, or

• curtailing JPMorganChase's business activities or operations.

Operational

JPMorganChase's businesses could be adversely affected by the failure or disruption of operational systems on which they depend.

If the operational systems on which JPMorganChase's businesses depend, including those of acquired businesses and external parties, are unable to meet JPMorganChase's operational requirements or bank regulatory standards, or if they fail or have other significant shortcomings, JPMorganChase could be materially and adversely affected. JPMorganChase's businesses rely on its operational systems to process, record, monitor and report large amounts of information continuously, accurately, securely, and in a timely manner. These operational systems include financial, accounting, transaction execution, reporting and settlement, data processing and other systems, as well as supporting devices. The effective functioning of these operational systems depends on a variety of factors, including JPMorganChase's ability to:

• properly design, install, maintain, and train its employees on the use of its systems

• populate its systems with accurate, complete, up-to-date and uncorrupted information

• upgrade its systems on a regular and timely basis in line with technological advancements and evolving security requirements"
JPM-2026-026,JPM,banking,1,0,0,1,0,0,keyword,"As part of its clearing services activities, JPMorganChase is exposed to the risk of nonperformance by its clients, which it seeks to mitigate by requiring clients to provide adequate collateral. JPMorganChase is also exposed to intra-day credit risk of its clients in connection with providing cash management, clearing, custodial and other transaction services. If such a client becomes bankrupt or insolvent, JPMorganChase could:

• incur losses

• become involved in disputes and litigation with CCPs, the client's bankruptcy estate and other creditors, or

• be subject to investigations by governmental authorities.

In addition, JPMorganChase has in the past, and could in the future, experience instances in which borrowers or other counterparties engage in fraudulent activity related to the accounting, reporting or representation

of collateral. Such practices have resulted and could in the future result in losses for JPMorganChase potentially undermining the effectiveness of collateral requirements and negatively affecting JPMorganChase's financial condition and results of operations.

All of the foregoing events could increase JPMorganChase's operational and litigation costs, and JPMorganChase could suffer losses to the extent that the realized value of any collateral that it has received is insufficient to cover those losses.

Transactions with governmental entities can expose JPMorganChase to enhanced sovereign, credit, operational, legal and reputation risks. Governmental entities may claim that actions taken by government officials were beyond the legal authority of those officials or repudiate transactions authorized by a previous incumbent government. These types of actions have in the past caused, and could in the future cause, JPMorganChase to suffer losses or hamper its ability to conduct business in the relevant jurisdiction. In addition, JPMorganChase could incur losses if applicable law limits its ability to resolve disputes and litigation when a client in that jurisdiction defaults or otherwise fails to make agreed-upon payments."
XOM-2026-006,XOM,energy,0,0,0,1,0,1,keyword,"Regulatory and litigation risks. Even in countries with well-developed legal systems where ExxonMobil does business, we remain exposed to changes in law or interpretation or enforcement of settled law, including changes that result from concerted efforts to increase our legal exposure by groups opposed to the products we provide or international treaties and accords or changes by local jurisdictions encroaching on national regulatory frameworks or global issues or changes resulting from imposition of extraterritorial laws and regulations, and changes in government policy or priorities that could adversely affect our results, such as:

• increases or changes in taxes, duties, or government royalty rates, including retroactive claims, punitive taxes on oil, gas and petrochemical operations, windfall profit taxes, or global minimum taxes;

• price controls;

Financial Table of Contents

• changes in environmental, advertising, insurance or other regulations or laws that penalize us for past or current production of legal and/or permitted products and operations, increase our cost of operation or compliance or reduce or delay available business opportunities, including changes in laws or regulations affecting offshore drilling operations, standards to complete decommissioning, standards for water use or availability, production of our products, emissions, hydraulic fracturing, or production or use of new or recycled plastics, as well as laws and regulations affecting trading, carbon capture and storage, hydrogen and ammonia, lower-emission fuels, Proxxima TM resin systems, carbon materials, low-carbon data centers, or lithium;"
NVDA-2024-030,NVDA,technology,0,0,0,0,0,0,keyword,"harmed, future acquisitions may be more difficult, complex or expensive. Further, our investments in publicly traded companies could create volatility in our results and may generate losses up to the value of the investment. In addition, we have invested and may continue to invest in private companies to further our strategic objectives and to support certain key business initiatives. These companies can include early-stage companies still defining their strategic direction. Many of the instruments in which we invest are non-marketable and illiquid at the time of our initial investment, and we are not always able to achieve a return. To the extent any of the companies in which we invest are not successful, we could recognize an impairment and/or lose all or part of our investment. Our investment portfolio contains industry sector concentration risks, and a decline in any one or multiple industry sectors could increase our impairment losses. We face additional risks related to acquisitions and strategic investments, including the diversion of capital and other resources, including management's attention; difficulty in realizing a satisfactory return and uncertainties to realize the benefits of an acquisition or strategic investment, if at all; difficulty or inability in obtaining governmental, regulatory approval or restrictions or other consents and approvals or financing; legal proceedings initiated as a result of an acquisition or investment; and potential failure of our due diligence processes to identify significant issues with the assets or company in which we are investing or are acquiring."
BAC-2026-024,BAC,banking,1,1,0,0,0,0,keyword,"Slowing growth, recessionary conditions, adverse geopolitical conditions and political or civil unrest, foreign trade competition, employment levels, wage pressures and elevated inflation in certain countries may pose challenges, including from volatility in financial markets. Foreign exchange rates against the U.S. dollar remain uncertain and potentially volatile, and depreciation could increase our financial risks with clients that deal in non-U.S. currencies but have U.S. dollar-denominated debt.

We invest or trade in the securities of corporations and governments located in non-U.S. jurisdictions, including emerging markets. Revenues from the trading of non-U.S. securities may be subject to negative fluctuations as a result of the above factors. Furthermore, the impact of these fluctuations could be magnified because non-U.S. trading markets, particularly in emerging markets, are generally smaller, less liquid and more volatile than U.S. trading markets. Risks in one nation can limit our opportunities for portfolio growth and negatively affect our operations in other nations, including our U.S. operations. Market and economic disruptions may affect consumer confidence levels and spending, corporate investment and job creation, bankruptcy rates, levels of incurrence and default on consumer and corporate debt, economic growth rates and asset values, among other factors.

Elevated government debt levels raise the risk of volatility, significant valuation changes and political tensions regarding fiscal policy or defaults on or devaluation of sovereign debt, all of which could expose us to substantial losses. Financial markets have been and may continue to be sensitive to government budget processes and changes to fiscal policy, as well as any resulting political turmoil."
MSFT-2024-024,MSFT,technology,0,0,1,1,0,0,keyword,"Laws and regulations relating to anti-corruption and trade could result in increased costs, fines, criminal penalties, or reputational damage. The Foreign Corrupt Practices Act (""FCPA"") and other anti-corruption laws and regulations (""Anti-Corruption Laws"") prohibit corrupt payments by our employees, vendors, or agents, and the accounting provisions of the FCPA require us to maintain accurate books and records and adequate internal controls. From time to time, we receive inquiries from authorities in the U.S. and elsewhere which may be based on reports from employees and others about our business activities outside the U.S. and our compliance with Anti-Corruption Laws. Periodically, we receive such reports directly and investigate them, and also cooperate with investigations by U.S. and foreign law enforcement authorities. An example of increasing international regulatory complexity is the EU Whistleblower Directive, initiated in 2021, which presents compliance challenges as it is implemented in different forms by EU member states. Most countries in which we operate also have competition laws that prohibit competitors from colluding or otherwise attempting to reduce competition between themselves. While we devote substantial resources to our U.S. and international compliance programs and have implemented policies, training, and internal controls designed to reduce the risk of corrupt payments and collusive activity, our employees, partners, vendors, or agents may violate our policies. Our failure to comply with Anti-Corruption Laws or competition laws could result in significant fines and penalties, criminal sanctions against us, our officers, or our employees, prohibitions on the conduct of our business, and damage to our reputation, which could adversely affect our business, financial condition, and results of operations."
COP-2025-024,COP,energy,0,0,1,0,1,0,keyword,"Our technologies, systems and networks are subject to cybersecurity threats.

Our business is faced with growing cybersecurity threats as we increasingly rely on digital technologies across our business. Cybersecurity risks to our business, including our suppliers, third-party service providers, contractors, joint venture partners and external business partners, include but are not limited to:

• Unauthorized access to, or control of or disclosure of sensitive information about our business and our employees;

• Compromise of our data or systems, including corruption, sabotage, encryption or acts that otherwise render our data or systems unusable (or those of third parties with whom we do business, including third-party cloud and information technology (IT) service providers);

• Theft or manipulation of our proprietary information;

• Ransom;

• Extortion;

• Threats to the security of our facilities and infrastructure; and

• Cyber terrorism.

In addition, we have exposure to cybersecurity risks where our data and proprietary information are collected, hosted, and/or processed by third-party cloud and service providers. In addition, many of our vendors, including suppliers that are closely integrated into our business, have been victims of cybersecurity attacks that have accessed and exfiltrated information from their systems. Our risks may be exacerbated by a delay or failure to detect a cybersecurity incident or understand the full extent of such incident notwithstanding our risk management processes and controls. We face risks associated with new and ever-increasing phishing techniques, hidden malware, as well as risks associated with electronic data proliferation and technology digitization. We also face increased risk with the increased sophistication of generative artificial intelligence capabilities, which may improve or expand the existing capabilities of cybercriminals described above in a manner we cannot predict at this time."
NVDA-2024-015,NVDA,technology,0,0,1,0,1,0,keyword,"• delays in product shipments, shortages, a decrease in product quality and/or higher expenses in the event our subcontractors or foundries prioritize our competitors' or other customers' orders over ours;

• requirements to place orders that are not cancellable upon changes in demand or requirements to prepay for supply in advance;

• low manufacturing yields resulting from a failure in our product design or a foundry's proprietary process technology; and

• disruptions in manufacturing, assembly and other processes due to closures related to heat waves, earthquakes, fires, or other natural disasters and electricity conservation efforts.

Defects in our products have caused and could cause us to incur significant expenses to remediate, which can damage our reputation and cause us to lose market share.

Our hardware and software product and service offerings are complex. They have in the past and may in the future contain defects or security vulnerabilities or experience failures or unsatisfactory performance due to any number of issues in design, fabrication, packaging, materials, bugs and/or use within a system. These risks may increase as our products are introduced into new devices, markets, technologies and applications or as new versions are released. These risks further increase when we rely on partners to supply and manufacture components that are used in our products, as these arrangements reduce our direct control over production. AI software products we or our partners offer rely on"
JPM-2026-056,JPM,banking,1,0,0,1,0,0,keyword,"Similarly, JPMorganChase establishes an allowance for expected losses related to its credit exposures which requires significant judgments, including forecasts of how macroeconomic conditions might impair the ability of JPMorganChase's clients and customers to repay their loans or other obligations. These types of estimates and judgments may be inaccurate due to a variety of factors, including if the current and forecasted environments are significantly different

from the historical environments upon which the models were developed. Any heightened uncertainty associated with these estimates may necessitate a greater degree of judgment and analytics to inform any adjustments that JPMorganChase may make to model outputs.

Some models and estimations used by JPMorganChase for managing risks require regulatory review and approval before JPMorganChase may use the models and estimations for calculating market risk RWA, credit risk RWA and operational risk RWA under Basel III. If JPMorganChase's models and estimations are not approved by its regulators, it could be subject to higher capital charges, which could adversely affect its financial results or limit its ability to expand its businesses.

A significant inadequacy in disclosure or financial reporting controls could negatively affect JPMorganChase's business, operations and reputation.

JPMorganChase is subject to complex global financial reporting obligations that require continuous enhancements to disclosures in its financial statements and regulatory reports. JPMorganChase's disclosure and financial reporting controls may not always be effective, and a material weakness or significant deficiency in internal control over financial reporting could occur. Any such significant lapse, weakness or deficiency could result in inaccurate financial reporting which, in turn, could:"
AAPL-2025-006,AAPL,technology,0,0,0,0,0,0,keyword,"Apple Inc. | 2025 Form 10-K | 6

Following any interruption to its business, the Company can require substantial recovery time, incur significant expenditures to resume operations, and lose significant sales. Because the Company relies on single or limited sources for the supply and manufacture of many critical components, a business interruption affecting such sources would exacerbate any negative consequences to the Company. While the Company maintains insurance coverage for certain types of losses, such insurance coverage may be insufficient to cover all losses that may arise. Any of the foregoing can materially adversely affect the Company's business, results of operations, financial condition and stock price.

Global markets for the Company's products and services are highly competitive and subject to rapid technological change, and the Company may be unable to compete effectively in these markets.

The Company's products and services are offered in highly competitive global markets. These markets are characterized by aggressive price competition, downward pressure on gross margins, continual improvement in product performance, and price sensitivity on the part of consumers and businesses. These markets are further defined by frequent introduction of new products and services, short product life cycles, evolving industry standards, and rapid adoption of technological advancements."
BAC-2026-036,BAC,banking,1,0,0,1,0,0,keyword,"Failure to satisfy our obligations as servicer for residential mortgage securitizations, loans owned by other entities and other related losses could adversely impact our reputation, servicing costs or results of operations.

We service mortgage loans on behalf of third-party securitization vehicles and other investors. If a material breach of our obligations as servicer or master servicer is committed, we may be subject to termination if the breach is not cured timely following notice, which could cause us to lose servicing income. We may also have liability for any failure by us or a third party, as a servicer or master servicer to adhere to or perform the required servicing obligation in accordance with the terms of the servicing agreements that result in impairment or loss to the loans' owner. If any such breach was found to have occurred, it may harm our reputation, increase our servicing costs or losses due to potential indemnification obligations, result in litigation or regulatory action or adversely impact our results of operations. Also, foreclosures may result in costs, litigation or losses due to irregularities in the underlying documentation, or if the validity of a foreclosure action is challenged by a borrower or overturned by a court because of errors or deficiencies in the foreclosure process. We may also incur costs or losses relating to delays or"
AAPL-2024-005,AAPL,technology,0,0,0,0,0,0,keyword,"The Company currently holds a significant number of patents, trademarks and copyrights and has registered, and applied to register, additional patents, trademarks and copyrights. In contrast, many of the Company's competitors seek to compete primarily through aggressive pricing and very low cost structures, and by imitating the Company's products and infringing on its intellectual property. Effective intellectual property protection is not consistently available in every country in which the Company operates. If the Company is unable to continue to develop and sell innovative new products with attractive margins or if competitors infringe on the Company's intellectual property, the Company's ability to maintain a competitive advantage could be materially adversely affected.

The Company has a minority market share in the global smartphone, personal computer and tablet markets. The Company faces substantial competition in these markets from companies that have significant technical, marketing, distribution and other resources, as well as established hardware, software and digital content supplier relationships. In addition, some of the Company's competitors have broader product lines, lower-priced products and a larger installed base of active devices. Competition has been particularly intense as competitors have aggressively cut prices and lowered product margins. Certain competitors have the resources, experience or cost structures to provide products at little or no profit or even at a loss. Some of the markets in which the Company competes have from time to time experienced little to no growth or contracted overall."
JPM-2026-000,JPM,banking,0,0,0,1,0,0,keyword,"The following discussion sets forth the material risk factors that could affect JPMorganChase's financial condition and operations. Readers should not consider any descriptions of these factors to be a complete set of all potential risks that could affect the Firm. Any of the risk factors discussed below could by itself, or combined with other factors, materially and adversely affect JPMorganChase's business, results of operations, financial condition, capital position, liquidity, competitive position or reputation, including by materially increasing expenses or decreasing revenues, which could result in material losses or a decrease in earnings.

Summary

The principal risk factors include:

• Legal and Regulatory risks, including the impact of extensive supervision and regulation, as well as changes to or in the application, interpretation or enforcement of applicable law or executive branch actions, on JPMorganChase's business and operations; the ways in which differences in regulatory implementation in different jurisdictions or with respect to certain competitors could negatively impact JPMorganChase's business; the ways in which governmental policies that discourage or penalize business relationships with certain industries, or require specific business practices, could negatively affect JPMorganChase's businesses; the penalties and other repercussions that JPMorganChase could face when resolving litigation or investigations by governmental authorities; the ways in which less predictable legal and regulatory frameworks in certain jurisdictions could negatively impact JPMorganChase's operations and financial results; and the losses that security holders and other unsecured creditors will absorb if JPMorganChase were to enter into a resolution."
NVDA-2026-038,NVDA,technology,0,0,1,1,1,0,keyword,"Risks Related to Regulatory, Legal, Our Stock and Other Matters

We are subject to complex laws, rules, regulations, and political and other actions, including restrictions on the export of our products, which may adversely impact our business.

We are subject to laws and regulations domestically and worldwide, affecting our operations in areas including, but not limited to, IP ownership and infringement; taxes; import and export requirements and tariffs; anti-corruption, including the Foreign Corrupt Practices Act; business acquisitions; foreign exchange controls and cash repatriation restrictions; foreign ownership and investment; data privacy requirements; competition and antitrust; advertising; employment; product regulations; cybersecurity; environmental, health, and safety requirements; the responsible use of AI; sustainability; cryptocurrency; and consumer laws. Compliance with such requirements can be onerous and expensive, could impact our competitive position, and may negatively impact our business operations and ability to manufacture and ship our products. There can be no assurance that our employees, contractors, suppliers, customers or agents will not violate applicable laws or the policies, controls, and procedures that we have designed to help ensure compliance with such laws, and violations could result in fines, criminal sanctions against us, our officers, or our employees, prohibitions on the conduct of our business, and damage to our reputation. Changes to the laws, rules and regulations to which we are subject, or changes to their interpretation and enforcement, could lead to materially greater compliance and other costs, and/or further restrictions on our ability to manufacture and supply our products and operate our business. For example,"
XOM-2024-008,XOM,energy,0,0,0,1,0,1,keyword,"Greenhouse gas restrictions. Government actions intended to reduce greenhouse gas emissions include adoption of cap and trade regimes, carbon taxes, carbon-based import duties or other trade tariffs, minimum renewable usage requirements, restrictive permitting, increased mileage and other efficiency standards, mandates for sales of electric vehicles, mandates for use of specific fuels or technologies, and other incentives or mandates designed to support certain technologies for transitioning to lower-emission energy sources. Political and other actors and their agents also increasingly seek to advance climate change objectives indirectly, such as by seeking to reduce the availability or increase the cost of financing and investment in the oil and gas sector. These actions include delaying or blocking needed infrastructure, utilizing shareholder governance mechanisms against companies or their shareholders or financial institutions in an effort to deter investment in oil and gas activities, and taking other actions intended to promote changes in business strategy for oil and gas companies. Depending on how policies are formulated and applied, such policies could negatively affect our investment returns, make our hydrocarbon-based products more expensive or less competitive, lengthen project implementation times, and reduce demand for hydrocarbons, as well as shift hydrocarbon demand toward relatively lower-carbon alternatives. Current and pending greenhouse gas regulations or policies may also increase our compliance costs, such as for monitoring or sequestering emissions."
JPM-2026-019,JPM,banking,1,1,1,1,0,0,keyword,"• the U.S. and global economies

• investor, consumer and business sentiment, or confidence in the financial markets

• inflation, deflation, recession or employment

• the availability and cost of capital, liquidity and credit

• levels and volatility of interest rates, credit spreads or market prices of currencies, securities and

commodities, and the duration of any such changes, and

• economic and geopolitical effects of extraordinary events beyond JPMorganChase's control.

The above factors could be affected by global economic, market and political events and conditions, including the regulatory environment, monetary policies, trade policies, and actions taken by central banks or governmental authorities.

In addition, JPMorganChase's investment portfolio and market-making businesses could suffer losses due to unanticipated market events and conditions, including:

• severe declines in asset values

• unexpected credit events, credit rating downgrades and large counterparty losses

• disruption of trade routes and supply chains globally

• events or conditions that cause previously uncorrelated market factors to become correlated (and vice versa)

• the inability to effectively hedge risks related to market-making and investment portfolio positions, or

• other market risks that may not have been adequately considered when developing, structuring or pricing a financial instrument.

Any significant losses in JPMorganChase's investment portfolio or from market-making activities could reduce its profitability and its liquidity and capital levels, and thereby constrain the growth of its businesses."
BAC-2026-040,BAC,banking,0,0,1,1,0,0,keyword,"The cumulative effect of all of the current and possible future legislation and regulations, as well as related interpretations, on our litigation and regulatory exposure, businesses, operations, including our ability to compete, and profitability remains uncertain and necessitates that we make certain assumptions with respect to the scope and requirements of existing, prospective and proposed LRRs in our business planning and strategies. If these assumptions prove incorrect, we could be subject to increased regulatory, legal and compliance risks and costs, and potential reputational harm. Also, regulatory initiatives in the U.S. and abroad may overlap, and non-U.S. regulations and initiatives may be inconsistent or conflict with current or proposed U.S. regulations or with each other, which could lead to compliance risks and higher costs.

Our regulators' prudential and supervisory authority gives them broad power and discretion to direct our actions, and they

17 Bank of America

have an active oversight, inspection and investigatory role across the financial services industry. Regulatory focus is not limited to LRRs applicable to the financial services industry, but includes other significant LRRs that apply across industries and jurisdictions, including those related to anti-money laundering, anti-bribery, anti-corruption know-your-customer requirements, embargoes and economic sanctions.

We are also subject to existing and potential LRRs in the U.S. and abroad, including the CCPA and GDPR, regarding privacy and the disclosure, collection, use, sharing and safeguarding of personally identifiable information, including our employees, clients, suppliers, counterparties and other third parties. Violations could result in litigation, regulatory fines, enforcement actions and operational loss. Expected new and evolving data privacy laws globally may increase compliance costs, litigation, regulatory fines and enforcement actions. There remains complexity and uncertainty, including potential suspension or prohibition, regarding data transfer because of concerns over compliance with LRRs for cross-border flows and transfers of personal data globally, and resulting from judicial and regulatory guidance. Other jurisdictions have commenced or may commence consultation efforts or enacted new legislation or regulations to establish standards for personal data transfers. If cross-border personal data transfers are suspended or restricted or we are required to implement distinct processes for each jurisdiction's standards, this could result in operational disruptions to our businesses, additional costs, increased enforcement activity, new contract negotiations with third parties, and/or modification of such data management."
COP-2026-010,COP,energy,0,0,0,1,0,1,keyword,"• Permits required in connection with exploration, drilling, production and other activities, including those issued by national, subnational and local authorities;

• The discharge of pollutants into the environment;

• Emissions into the atmosphere, such as nitrogen oxides, sulfur dioxide, mercury and GHG emissions, including methane and carbon dioxide;

• Carbon taxes;

• The handling, use, storage, transportation, disposal and cleanup of hazardous materials and hazardous and nonhazardous wastes;

• The dismantlement, abandonment and restoration of historic properties and facilities at the end of their useful lives; and

• Exploration and production activities in certain areas, such as offshore environments, arctic fields, oil sands reservoirs and unconventional plays.

We have incurred and will continue to incur substantial capital, operating and maintenance, and remediation expenditures as a result of these laws and regulations. In addition, to the extent these expenditures are assumed by a buyer as a result of a disposition, it may result in our incurring substantial costs if the buyer is unable to satisfy these obligations. Any actual or perceived failure by us to comply with existing or future laws, regulations and other requirements could result in administrative or civil penalties, criminal fines, other enforcement actions or third-party litigation against us. To the extent these expenditures, as with all costs, are not ultimately reflected in the prices of our products, our business, financial condition, results of operations and cash flows in future periods, as well as our ability to implement and advance our Climate-related Risk Strategy could be adversely affected."
NVDA-2026-011,NVDA,technology,0,1,0,0,0,0,keyword,"Product transitions are complex and we often ship both new and prior architecture products simultaneously as our channel partners prepare to ship and support new products. We are generally in various stages of transitioning the architectures of our Data Center, Gaming, Professional Visualization, and Automotive products. The computing industry is experiencing a broader and faster launch cadence of accelerated computing platforms to meet a growing and diverse set of AI opportunities. We have introduced a new product and architecture cadence of our Data Center solutions where we seek to complete new computing solutions each year and provide a greater variety of Data Center offerings. The increased frequency of these transitions and the larger number of products and product configurations may magnify the challenges associated with managing our supply and demand which may further create volatility in our revenue. Qualification time for new products, customers anticipating product transitions, and channel partners reducing channel inventory of prior architectures ahead of new product introductions can reduce, or create volatility in, our revenue. Customers may delay adopting new architectures if their data center infrastructure is not ready, which could affect the timing of our revenue. We have experienced and may in the future experience reduced demand for current generation architectures when customers anticipate transitions, and we may be unable to sell multiple product architectures at the same time for current and future architecture transitions. Our financial results have been and may in the future be negatively impacted if we are unable to execute our architectural transitions as planned for any reason. The increased frequency and complexity of newly introduced products could result in unanticipated quality or production issues that could increase the magnitude of inventory provisions, warranty, or other costs or result in product delays. For example, our gross margins in the second quarter of fiscal year 2025 were negatively impacted by inventory provisions for low-yielding Blackwell material."
XOM-2025-009,XOM,energy,0,0,0,1,0,1,keyword,"Greenhouse gas restrictions. Government actions intended to reduce greenhouse gas emissions include adoption of cap and trade regimes, carbon taxes, carbon accounting, carbon-based import duties or other trade tariffs, minimum renewable usage requirements, restrictive permitting, increased mileage and other efficiency standards, mandates for sales of electric vehicles, restrictions on sales of gasoline-only vehicles, mandates for use of specific fuels or technologies, and other incentives or mandates designed to support certain technologies for transitioning to lower-emission energy sources. Political and other actors and their agents also increasingly seek to collectively advance climate change objectives indirectly, such as by seeking to reduce the availability or increase the cost of financing and investment in the oil and gas sector. These actions include delaying or blocking needed infrastructure, utilizing shareholder governance mechanisms against companies or their shareholders or financial institutions in an effort to deter investment in oil and gas activities, and taking other actions intended to promote changes in business strategy for oil and gas companies. Depending on how policies are formulated and applied, such policies could negatively affect our investment returns, make our hydrocarbon-based products more expensive or less competitive, lengthen project implementation times, and reduce demand for hydrocarbons, as well as shift hydrocarbon demand toward relatively lower-carbon alternatives. Current and pending greenhouse gas regulations or policies"
BAC-2026-012,BAC,banking,1,0,0,0,0,0,keyword,"Rating agencies could adjust our credit ratings at any time and there can be no assurance as to whether or when a downgrade could occur. A downgrade could widen our credit spread, negatively affect our access to credit markets, the related cost of funds, our businesses and certain trading revenues, particularly in those businesses where counterparty creditworthiness is critical. Downgrades of short-term credit ratings of our parent company or bank or broker-dealer subsidiaries, could reduce or eliminate access to short-term funding sources such as repo financing, and/or incur increased cost of funds and increased collateral requirements. Under the terms of certain OTC derivative contracts and other trading agreements, a credit rating downgrade could require us or our subsidiaries to post additional collateral or permit counterparties to terminate these contracts or agreements.

While certain potential impacts are contractual and quantifiable, the full consequences of a credit rating downgrade are inherently uncertain and depend upon numerous dynamic, complex and inter-related factors and assumptions, including the relationship between long-term and short-term credit ratings and the behaviors of clients, investors and counterparties.

Bank of America Corporation is a holding company, is dependent on its subsidiaries for liquidity and may be restricted from transferring funds from subsidiaries."
COP-2024-005,COP,energy,0,0,0,1,0,1,keyword,"Our business may be adversely affected by price controls; government-imposed limitations on production or exports of crude oil, bitumen, LNG, natural gas and NGLs; or the unavailability of adequate gathering, processing, compression, transportation, and pipeline facilities and equipment for our production of crude oil, bitumen, natural gas and NGLs.

As discussed herein, our operations are subject to extensive governmental regulations across numerous jurisdictions. From time to time, regulatory agencies have imposed price controls and limitations on production by restricting the rate of flow of crude oil, bitumen, natural gas and NGL wells below actual production capacity. Similarly, in response to increased domestic energy costs, circumstances determined to be in the economic interest of the country, or a declared national emergency, governments could restrict the export or import of our products which would adversely impact our business. Because legal requirements are frequently changed and subject to interpretation, we cannot predict whether future restrictions on our business may be enacted or become applicable to us.

ConocoPhillips 2023 10-K

Risk Factors

Our ability to sell and deliver the crude oil, bitumen, LNG, natural gas and NGLs that we produce also depends on the availability, proximity, and capacity of gathering, processing, compression, transportation and pipeline facilities and equipment, as well as any necessary diluents to prepare our crude oil, bitumen, LNG, natural gas and NGLs for transport. The facilities, equipment and diluents we rely on may be temporarily unavailable to us due to market conditions, extreme weather events, permitting delays and other regulatory matters, mechanical reasons or other factors or conditions, many of which are beyond our control. In addition, in certain newer plays, the capacity of necessary facilities, equipment and diluents may not be sufficient to accommodate production from existing and new wells, and construction and permitting delays, permitting costs and regulatory or other constraints could limit or delay the construction, manufacture or other acquisition of new facilities and equipment. If any facilities, equipment or diluents, or any of the transportation methods and channels that we rely on become unavailable for any period of time, we may incur increased costs to transport our crude oil, bitumen, LNG, natural gas and NGLs for sale; we may be forced to curtail our production of crude oil, bitumen, natural gas or NGLs or we may not be able to meet all the objectives in the Plan, such as reducing routine flaring."
XOM-2025-002,XOM,energy,0,1,1,0,0,1,keyword,"Other demand-related factors. Other factors that may affect the demand for oil, gas, petrochemicals or our other products, and therefore impact our results, include technological improvements in energy efficiency; seasonal weather patterns; increased competitiveness of, or government policy support for, alternative energy sources or potential substitutes for our products; changes in technology that alter fuel choices, such as technological advances in energy storage or other critical areas that make wind, solar, nuclear or other alternatives more competitive for power generation; changes in consumer preferences for our products, including consumer demand for alternative-fueled or electric transportation or alternatives to plastic products; and broad-based changes in personal income levels. See also ""Climate Change and the Energy Transition"" below.

Other supply-related factors. Commodity prices and margins also vary depending on a number of factors affecting supply. For example, increased supply from the development of new oil and gas supply sources and technologies to enhance recovery from existing sources tends to reduce commodity prices to the extent such supply increases are not offset by commensurate growth in demand. Similarly, increases in industry refining or petrochemical manufacturing capacity relative to demand tend to reduce margins on the affected products. World oil, gas, and petrochemical supply levels can also be affected by factors that reduce available supplies, such as the level of and adherence by participating countries to production quotas established by OPEC or OPEC+ and other agreements among sovereigns; government policies, including actions intended to reduce greenhouse gas emissions, that restrict oil and gas production or increase associated production, reporting or compliance costs; collective actions by non-governmental organizations and financial institutions to withhold funding or support from oil and gas producers; the occurrence of wars or hostile actions, including disruption of land or sea transportation routes; natural disasters; disruptions in competitors' operations; and logistics constraints or unexpected unavailability of distribution channels that may disrupt supplies. Technological change can also alter the relative costs for competitors to find, produce and refine oil and gas, and to manufacture petrochemicals."
CVX-2025-015,CVX,energy,0,0,0,1,0,1,keyword,"Attention to environmental, social, and governance (ESG) matters impacts our company Attention to ESG matters, including those related to climate change and sustainability, evolving societal, investor and governmental pressure on companies to address ESG matters, and potential customer and consumer use of substitutes to Chevron's products have resulted and may continue to result in changes to the portfolio and company activities, increased costs, reduced demand for our products, reduced profits, increased investigations and litigation or threats thereof, negative impacts on our stock price and access to capital markets, impaired participation in public discourse and debate by the company relating to mandatory and voluntary standards and regulations, and damage to our reputation. For example, increasing attention to ESG matters, including climate change, has resulted and may result in the future in shifting demand for our hydrocarbon products, and have resulted in additional litigation and governmental investigations, or threats thereof, against the company. For instance, we have received investigative requests and demands from the U.S. Congress for information relating to climate change, methane leak detection and repair, and other topics, and further requests and/or demands are possible. At this time, Chevron cannot predict the ultimate impact any Congressional or other investigations may have on the company. Information related to climate-change related litigation matters is included in Note 16 Litigation under the heading ""Climate Change."""
AAPL-2025-031,AAPL,technology,0,1,1,1,0,0,keyword,"The Company is also subject to new and changing laws and regulations regarding online safety, including enhanced protections for minors and mandatory age verification requirements. These laws and regulations can increase regulatory risks by requiring complex compliance measures and significant modifications to the Company's products, services and operations, and may lead to operational disruptions, heightened privacy and data security risks, increased costs and potential liability and fines, all of which can have a material adverse impact on the Company's business, financial condition, results of operations and stock price.

Financial Risks

The Company's net sales and gross margins are subject to volatility and downward pressure due to a variety of factors.

The Company's gross margins vary significantly across its products, services, geographic segments and distribution channels and can change over time. The Company's net sales and gross margins are subject to volatility and downward pressure due to a variety of factors, including: continued industry-wide global product pricing pressures and product pricing actions that the Company may take in response to such pressures; increased competition; the Company's ability to effectively stimulate demand for certain of its products and services; compressed product life cycles; supply shortages; potential increases in the cost of components, outside manufacturing services, and developing, acquiring and delivering content for the Company's services; the Company's ability to manage product quality and warranty costs effectively; shifts in the mix of products and services, or in the geographic, currency or channel mix, including to the extent that regulatory changes require the Company to modify its product and service offerings; fluctuations in foreign exchange rates; inflation and other macroeconomic pressures; the imposition of new or increased tariffs and other trade restrictions, their overall magnitude and duration, and retaliatory actions in response; and the introduction of new products or services, including new products or services with lower profit margins. These and other factors could have a materially adverse impact on the Company's results of operations, financial condition and stock price. Further, the Company generates a significant portion of its net sales from a single product category and a decline in demand for that product could significantly impact net sales and gross margins."
NVDA-2025-014,NVDA,technology,0,0,1,0,1,0,keyword,"• limited number and geographic concentration of global suppliers, foundries, contract manufacturers, assembly and test providers and memory manufacturers;

• loss of a supplier and additional expense and/or production delays as a result of qualifying a new foundry or subcontractor and commencing volume production or testing in the event of a loss, addition or change of a supplier;

• lack of direct control over product quantity, quality, and delivery schedules;

• integration of new suppliers and contract manufacturers creating more complexity in managing multiple suppliers with variations in production planning, execution, and logistics;

• suppliers or their suppliers failing to provide high quality products and/or making changes to their products without our qualification;

• delays in product shipments, shortages, a decrease in product quality and/or higher expenses in the event our subcontractors or foundries prioritize our competitors' or other customers' orders over ours;

• requirements to place orders that are not cancellable upon changes in demand or requirements to prepay for supply in advance;

• low manufacturing yields resulting from issues in our product design or a foundry's proprietary process technology;

• suppliers extending lead times and/or increasing costs during shortages; and

• disruptions in manufacturing, assembly and other processes due to closures related to heat waves, earthquakes, fires, or other natural disasters, electricity conservation efforts, pandemics, and cybersecurity incidents."
JPM-2026-022,JPM,banking,1,0,0,0,0,0,keyword,"Part I

prices, and could lead to further withdrawals based on the weaker investment performance.

An adverse change in market conditions in particular segments of the economy, or sustained changes in consumer behavior that affect specific economic sectors, could have a material adverse effect on clients of JPMorganChase whose operations or financial condition are significantly impacted by the health or stability of those segments or economic sectors, as well as clients that are engaged in related businesses. JPMorganChase could incur credit losses on its loans and other commitments to clients that operate in, or are significantly impacted by, any sector of the economy under stress.

An economic downturn or sustained changes in consumer behavior that result in shifts in consumer and business spending could also have a negative impact on certain of JPMorganChase's wholesale clients, and thereby diminish JPMorganChase's earnings from its wholesale operations. For example, clients that rely on rental income from commercial real estate properties could be negatively affected by sustained adverse economic conditions or circumstances (such as hybrid work models) that reduce tenancies. These types of developments could depress property values, impair the ability of clients to service or refinance their loans and lead to an increase in foreclosures. These consequences could result in JPMorganChase experiencing an increase in the allowance for credit losses, higher delinquencies, defaults and charge-offs within its commercial real estate loan portfolio and incurring higher costs for servicing a larger volume of delinquent loans in that portfolio. An increase in foreclosures could also result in higher operational risk associated with JPMorganChase owning and managing real property, and any inadequacy in governance or control over the foreclosed properties could result in regulatory scrutiny and reputational harm."
MSFT-2026-038,MSFT,technology,1,1,0,0,0,0,keyword,"Our product distribution system relies on an extensive partner and retail network. OEMs building devices that run our software have also been a significant means of distribution. The impact of economic conditions on our partners, such as the bankruptcy of a major distributor, OEM, or retailer, could cause sales channel disruption.

Challenging economic conditions also may impair the ability of our customers to pay for products and services they have purchased. As a result, allowances for doubtful accounts and write-offs of accounts receivable may increase.

We maintain an investment portfolio of various holdings, types, and maturities. These investments are subject to general credit, liquidity, market, and interest rate risks, which may be exacerbated by market downturns or events that affect global financial markets. A significant part of our investment portfolio consists of U.S. government securities. If global financial markets decline for long periods, or if there is a downgrade of the U.S. government credit rating due to an actual or threatened default on government debt, our investment portfolio could be adversely affected and we could determine that more of our investments have experienced a decline in fair value, requiring impairment charges that could adversely affect our financial condition and results of operations."
AAPL-2025-003,AAPL,technology,0,0,1,0,0,0,keyword,"The Company has a large, global business with sales outside the U.S. representing a majority of the Company's total net sales, and the Company believes that it generally benefits from growth in international trade. A significant majority of the Company's manufacturing is performed in whole or in part by outsourcing partners located primarily in China mainland, India, Japan, South Korea, Taiwan and Vietnam, in addition to sourcing from partners and facilities located in the U.S. Restrictions on international trade, such as tariffs and other controls on imports or exports of goods, technology or data, can materially adversely affect the Company's business and supply chain. The impact can be particularly significant if these restrictive measures apply to countries and regions where the Company derives a significant portion of its revenues and/or has significant supply chain operations. Restrictive measures can increase the cost or limit the availability of the Company's products and the components and rare earths and other raw materials that go into them. Restrictive measures can also require the Company to change suppliers, restructure business relationships and operations, refrain from offering and distributing or cease to offer and distribute affected products, services and third-party applications to its customers, and increase the prices of its products and services. Changing the Company's business and supply chain in accordance with new or changed restrictions on international trade can be expensive, time-consuming and disruptive to the Company's business and results of operations. Trade and other international disputes can also have an adverse impact on the overall macroeconomic environment and result in shifts and reductions in consumer spending and negative consumer sentiment for the Company's products and services, all of which can further adversely affect the Company's business and results of operations. Such restrictions can be announced with little or no advance notice, which can create uncertainty, and the Company may not be able to effectively mitigate any or all adverse impacts from such measures. Global supply chains can be highly concentrated, and an escalation of geopolitical tensions or conflict could result in significant disruptions. Beginning in the second quarter of 2025, new tariffs were announced on imports to the U.S. (""U.S. Tariffs""), including additional tariffs on imports from China, India, Japan, South Korea, Taiwan, Vietnam and the European Union (""EU""), among others. In response, several countries have imposed, or threatened to impose, reciprocal tariffs on imports from the U.S. and other retaliatory measures."
XOM-2026-002,XOM,energy,0,0,0,0,0,1,keyword,"Other demand-related factors. Other factors that may affect the demand for oil, gas, petrochemicals or our other products, and therefore our results, include technological improvements in energy efficiency; seasonal weather patterns; increased competitiveness of, or government policy support for, alternative energy sources or potential substitutes for our products; changes in technology that alter fuel choices, such as technological advances in energy storage or other critical areas that make wind, solar, nuclear, or other alternatives more competitive for power generation; government actions to increase strategic reserves to enhance energy security; increased demand for artificial intelligence (AI), including the construction and expansion of AI data centers; changes in customer or consumer preferences for our products, including consumer demand for alternative-fueled or electric transportation or alternatives to plastic products; and broad-based changes in personal income levels. See also ""Climate Change and Energy Transition"" below.

Financial Table of Contents"
XOM-2026-013,XOM,energy,0,0,0,0,0,0,keyword,"Operational and Other Factors

In addition to external economic and political factors, our future business results also depend on our ability to successfully manage those factors that are, at least in part, within our control, including our investment into existing and new businesses. The extent to which we manage these factors will impact our performance relative to competition. For projects in which we are not the operator, we depend on the management effectiveness of one or more co-venturers whom we do not control.

Exploration and development program. Our ability to maintain and grow our oil and gas production depends on the success of our exploration and development efforts. Among other factors, we must continuously improve our ability to identify the most promising resource prospects and apply our project management expertise to bring discovered resources online as scheduled and within budget."
COP-2024-007,COP,energy,0,0,1,0,1,0,keyword,"Our operations are subject to a variety of hazards and risks that require significant and continuous oversight, such as the monitoring, prevention or mitigation of or protection from explosions, fires, product spills, severe weather, geological events, global health crises, such as epidemics and pandemics, labor disputes, geopolitical tensions, armed hostilities, terrorist or piracy attacks, sabotage, civil unrest or cyberattacks. Our operations are subject to additional hazards concerning exposure to and potential release of pollutants and toxic substances, as well as other environmental hazards and risks. For example, offshore activities may pose incrementally greater risks because of complex subsurface conditions such as higher reservoir pressures, water depths and metocean conditions. All such hazards could result in loss of human life, significant property and equipment damage, environmental pollution, impairment of operations, substantial losses to us and damage to our reputation. Our business and operations may be disrupted if we do not respond, or are perceived not to respond, in an appropriate manner to any of these hazards and risks or any other major crisis or if we are unable to efficiently restore or replace affected operational components and capacity. Countermeasures to address global health crises, epidemics or pandemics, including future outbreaks of COVID-19, may result in reduced demand for our products; disruptions to our supply chain, the global economy or financial or commodity markets; disruptions in our contractual arrangements with our service providers, suppliers and other counterparties; failures by our suppliers, contract manufacturers, contractors, joint venture partners and external business partners, to meet their obligations to us; reduced workforce productivity; and voluntary or involuntary curtailments. Further, our insurance may not be adequate to compensate us for all resulting losses described above, and the cost to obtain adequate coverage may increase for us in the future or may not be available."
XOM-2025-010,XOM,energy,0,0,0,0,0,1,keyword,"may also increase our compliance costs, such as for monitoring or sequestering emissions and complying with increased or mandatory disclosure or due diligence requirements and government mandated energy transition plans.

Technology and lower-emission solutions. Achieving societal ambitions to reduce greenhouse gas emissions and ultimately achieve net zero will require new technologies and added infrastructure to reduce the cost and increase the scalability of alternative energy sources, as well as technologies such as carbon capture and storage (CCS). CCS technologies, focused initially on capturing and sequestering CO2 emissions from high-carbon intensity industrial activities, can assist in meeting society's objective to mitigate atmospheric greenhouse gas levels while also helping ensure the availability of the reliable and affordable energy the world requires. ExxonMobil has established a Low Carbon Solutions (LCS) business unit and is continuing efforts in our existing businesses to advance the development and deployment of these technologies and projects, including CCS, hydrogen, lower-emission fuels, and lithium, breakthrough energy efficiency processes, advanced energy-saving materials, and other technologies. The Company's efforts include both in-house research and development as well as collaborative efforts with leading universities and with commercial partners involved in new energy technologies. Our future results and ability to grow our business, help others meet their emission-reduction goals, and succeed through the energy transition will depend in part on the success of these research and collaboration efforts and on our ability to adapt and apply the strengths of our current business model to providing the energy products of the future in a cost-competitive manner."
XOM-2025-000,XOM,energy,0,1,0,0,0,1,keyword,"ExxonMobil's financial and operating results are subject to a variety of risks inherent in the global oil, gas, and petrochemical businesses and the pursuit of lower-emission and other new business opportunities. Many of these risk factors are not within the Company's control and could adversely affect our business, our financial and operating results, or our financial condition. These risk factors include:

Supply and Demand

The oil, gas, and petrochemical businesses are fundamentally commodity businesses. This means ExxonMobil's operations and earnings may be significantly affected by changes in oil, gas, and petrochemical prices and by changes in margins on refined products. Oil, gas, petrochemical, and product prices and margins in turn depend on local, regional, and global events or conditions that affect supply and demand for the relevant commodity or product. Any material decline in oil or natural gas prices could have a material adverse effect on the Company's operations, financial condition, and proved reserves, especially in the Upstream segment. On the other hand, a material increase in oil or natural gas prices could have a material adverse effect on the Company's operations, especially in the Energy Products, Chemical Products, and Specialty Products segments. Our pursuit of lower-emission and other new business opportunities, including carbon capture and storage, hydrogen, lower-emission fuels, Proxxima TM systems, carbon materials, and lithium also depends on the growth and development of markets for those products and services, including implementation of supportive and stable government policies and developments in technology to enable those products and services to be provided on a cost-effective basis at commercial scale. See ""Climate Change and the Energy Transition"" in this Item 1A."
JPM-2026-055,JPM,banking,0,1,0,0,0,0,keyword,"• inherent limitations associated with forecasting uncertain economic and financial outcomes

• historical trend information may be incomplete, or may not be indicative of severely negative market conditions such as extreme volatility, dislocation or lack of liquidity

• sudden illiquidity in markets or declines in prices of certain loans and securities could make it more difficult to value certain financial instruments

• technology that is introduced to run models or estimations may not perform as expected, or may not be well understood by the personnel using the technology

• models and estimations may contain erroneous data, valuations, formulas or algorithms

• review processes may fail to detect flaws in models and estimations, and

• models may inadvertently incorporate biases present in data used in the models.

JPMorganChase could incur unexpected losses if models and estimations used in connection with its risk management activities or the preparation of its financial statements are inadequate or incorrect. For example, where quoted market prices are not available for certain financial instruments that require a determination of their fair value, JPMorganChase may make fair value determinations based on internally developed models or other means which ultimately rely to some degree on management estimates and judgment. In addition, the reliability of JPMorganChase's models and estimations could become more uncertain if assets differ from those used to develop those models and estimations, which could also result in unexpected losses."
COP-2025-021,COP,energy,1,1,0,0,0,0,keyword,"Risk Factors

In addition, we are regularly evaluated by the major rating agencies based on a number of factors, including our financial strength and conditions affecting the oil and gas industry generally. We and other industry companies have had our ratings reduced in the past due to negative commodity price outlooks. These major rating agencies are now considering ESG attributes when assessing credit profiles. While these assessments have limited impact today, they have the potential to pressure credit ratings over time. Any downgrade in our credit rating or announcement that our credit rating is under review for possible downgrade could increase the cost associated with any additional indebtedness we incur.

Our business may be adversely affected by deterioration in the credit quality of, or defaults under our contracts with, third parties with whom we do business.

The operation of our business requires us to engage in transactions with numerous counterparties operating in a variety of industries, including other companies operating in the oil and gas industry. These counterparties may default on their obligations to us as a result of operational failures or a lack of liquidity, or for other reasons, including bankruptcy. Market speculation about the credit quality of these counterparties, or their ability to continue performing on their existing obligations, may also exacerbate any operational difficulties or liquidity issues they are experiencing. Any default by any of our counterparties may result in our inability to perform our obligations under agreements we have made with third parties or may otherwise adversely affect our business or results of operations. In addition, our rights against any of our counterparties as a result of a default may not be adequate to compensate us for the resulting harm caused or may not be enforceable at all in some circumstances. We may also be forced to incur additional costs as we attempt to enforce any rights we have against a defaulting counterparty, which could further adversely impact our results of operations."
BAC-2026-045,BAC,banking,0,0,0,1,0,0,keyword,"Misconduct, or perceived misconduct, by our employees, third parties and other representatives, including conflicts of interest, unethical, fraudulent, improper or illegal conduct, the failure to fulfill fiduciary obligations, unfair, deceptive, abusive or discriminatory business practices, or violations of policies, procedures or LRRs, including conduct that affects compliance with books and records requirements, have resulted and could result in further litigation and/or government investigations and enforcement actions, and cause significant reputational harm. For example, we are responding to demands and requests relating to our past or current policies and practices for providing, maintaining or discontinuing financial products or services to certain clients or potential clients, including account opening, underwriting, credit, transaction monitoring or account closure, which could result in litigation or regulatory action.

Investigations, regulation, regulatory compliance activities, litigation and regulatory enforcement, have affected and are likely to continue to affect operational and compliance costs and risks, including the adaptation of business strategies, the limitation or cessation of our ability or feasibility to continue providing certain products and services and our employment practices. Lawsuits and regulatory actions are often complex and unpredictable, develop over a long period of time and have resulted in and will likely continue to result in injunctive relief and judgments, orders, settlements, penalties and fines adverse to us, in amounts that may be significant or unpredictable, and in some cases, exceed the amount of our reserves established. Litigation and investigation costs, substantial legal liability or significant regulatory or government action against us could adversely affect our businesses, financial condition, including liquidity, and results of operations, and/or cause significant reputational harm."
BAC-2026-009,BAC,banking,1,1,0,0,0,0,keyword,"9 Bank of America

enterprises (GSEs), to help fund a portion of our consumer lending activities. Our liquidity could be adversely affected by any inability to access the capital markets, illiquidity or volatility in the capital markets, the decrease in value of eligible collateral or increased collateral requirements (including as a result of credit concerns for short-term borrowing), changes to our relationships with our funding providers based on real or perceived changes in our risk profile, prolonged federal government shutdowns, or uncertainty regarding the impact of potential GSE privatization.

Also, our liquidity or cost of funds may be negatively impacted by the unwillingness or inability of the Federal Reserve to act as lender of last resort, unexpected simultaneous draws on credit lines or deposits, slower client payment rates, restricted access to the assets of prime brokerage clients, the failure to attract or retain client deposits or invested funds, including large-scale deposit migration (e.g., from attrition resulting from clients seeking higher yielding deposits or to an alternative financial institution perceived to be safer, changing investment preferences or securities products, moving balances into digital assets (e.g., stablecoin) or other alternative non-bank financial platforms, changes to spending behavior due to inflation, a decline in the economy or other drivers resulting in an increased need for cash), increased regulatory liquidity, capital and margin requirements for our U.S. or international banks and their nonbank subsidiaries, which could result in the inability to transfer liquidity internally, changes in patterns of intraday liquidity usage resulting from a counterparty or technology failure or other idiosyncratic event or failure, the default by a significant market participant or third party (including clearing agents, custodians, central banks or central counterparty clearinghouses (CCPs)) or the inability to sell assets due to illiquid markets (e.g., no market exists or market saturation). These factors may increase our borrowing costs and negatively impact our liquidity."
JPM-2026-012,JPM,banking,0,0,0,1,0,0,keyword,"• the absence of a statutory, regulatory or interpretative basis for engaging in specific types of business or transactions

• applicable law or judicial orders that are ambiguous, conflicting, or inconsistently applied or interpreted

• actions by or at the direction of governmental authorities or officials

• uncertainty concerning the enforceability of intellectual property rights or contractual or other obligations

• challenges associated with competing in economies in which the government controls or protects all or a portion of the local economy or specific businesses, or where graft or corruption may be pervasive

• the threat of investigations by governmental authorities, civil litigations or criminal prosecutions that are arbitrary or otherwise contrary to established legal principles in other parts of the world, and

• the termination of licenses or other permissions required to operate in the relevant jurisdiction, or the suspension of business relationships with governmental entities, leading to lost revenue.

If the legal, regulatory or judicial framework in a particular jurisdiction is susceptible to producing outcomes that are inconsistent, unexpected or contrary to established legal principles, this could create a more difficult business environment for JPMorganChase and could negatively affect its operations and reduce its earnings with respect to that jurisdiction. In addition, conducting business in a jurisdiction with a less predictable legal, regulatory or judicial framework could require JPMorganChase to devote significant additional resources to understanding, and operating its businesses in compliance with, applicable law and judicial precedents in that jurisdiction, and there can be no assurance that JPMorganChase will always be successful in doing so."
NVDA-2026-016,NVDA,technology,0,0,1,0,1,0,keyword,"• disruptions in manufacturing, assembly and other processes due to closures related to heat waves, earthquakes, fires, or other natural disasters, electricity conservation efforts, pandemics, and cybersecurity incidents.

Defects in our products have caused and could cause us to incur significant expenses to remediate, which can damage our reputation and cause us to lose market share.

Our hardware and software product and service offerings are complex. They have in the past and may in the future contain defects, security vulnerabilities, experience failures, or unsatisfactory performance due to issues in design, fabrication, packaging, materials, bugs and/or use within a system. These risks may also increase when our products are introduced into new devices, markets, technologies and applications, or new versions are released, and when we rely on partners to supply and manufacture components that are used in our products, as these arrangements reduce our direct control over production. AI software products that we or our partners offer rely on training data that may originate from third parties and new training methods, and the resulting products may contain unknown or undetected defects and errors, or reflect unintended bias. Although arrangements with component providers may contain provisions for product defect expense reimbursement, we generally remain responsible to the customer for warranty product defects that may occur from time to time. Some failures in our products or services have been in the past and may in the future be only discovered after a product or service has been shipped or used."
MSFT-2024-036,MSFT,technology,0,0,1,1,1,0,keyword,"Catastrophic events or geopolitical conditions may disrupt our business. A disruption or failure of our systems, operations, or supply chain because of a major earthquake, weather event, cyberattack, terrorist attack, pandemic, or other catastrophic event could cause delays in completing sales, providing services, or performing other critical functions. Our corporate headquarters, a significant portion of our research and development activities, and certain other essential business operations are in the Seattle, Washington area, and we have other business operations in the Silicon Valley area of California, both of which are seismically active regions. A catastrophic event that results in the destruction or disruption of any of our critical business or IT systems, or the infrastructure or systems they rely on, such as power grids, could harm our ability to conduct normal business operations or adversely affect our results of operations. Providing our customers with more services and solutions in the cloud puts a premium on the resilience of our systems and strength of our business continuity management plans and magnifies the potential negative consequences of prolonged service outages.

PART I

Item 1A

Abrupt political change, terrorist activity, and armed conflict, such as the ongoing conflict in Ukraine, pose economic and other risks, which may negatively impact our ability to sell to and collect from customers, increase our operating costs, or otherwise disrupt our operations in markets both directly and indirectly impacted by such events. These conditions also may add uncertainty to the timing and budget for technology investment decisions by our customers and may cause supply chain disruptions for hardware manufacturers. Geopolitical change may result in changing regulatory systems and requirements and market interventions that could impact our operating strategies, access to national, regional, and global markets, hiring, and profitability. Geopolitical instability may lead to sanctions and impact our ability to do business in some markets or with some public-sector customers. Any of these changes may negatively affect our results of operations."
XOM-2025-015,XOM,energy,0,0,1,1,1,1,keyword,"Safety, business controls, and environmental risk management. Our results depend on management's ability to minimize the inherent risks of oil, gas, and petrochemical operations, as well as potential risks related to new energy technologies, to effectively control our business activities, including trading, and to minimize the potential for human error. We apply rigorous management systems and continuous focus on workplace safety and avoiding spills or other adverse environmental events. For example, we work to minimize spills through a combined program of effective operations integrity management, ongoing upgrades, key equipment replacements, and comprehensive inspection and surveillance. Similarly, we are implementing cost-effective new technologies and adopting new operating practices to reduce emissions, not only in response to government requirements but also to address community priorities. We employ a robust and actively evolving enterprise risk management system to identify and manage risk across our businesses. We also maintain a disciplined framework of internal controls and apply a controls management system for monitoring compliance with this framework. Substantial liabilities and other adverse impacts could result if we do not timely identify and mitigate applicable risks, or if our management systems and controls do not function as intended.

Cybersecurity. ExxonMobil is regularly subject to attempted cybersecurity disruptions from a variety of sources including state-sponsored actors. See Item 1C in this report for information on ExxonMobil's program for managing cybersecurity risks. If the measures we are taking to protect against cybersecurity disruptions prove to be insufficient or if our proprietary data is otherwise not protected, ExxonMobil, as well as our customers, employees, or third parties, could be adversely affected. We have limited ability to influence third parties, including our partners, suppliers and service providers (including providers of cloud-hosting services for our data or applications), to implement strong cybersecurity controls and are exposed to potential harm from cybersecurity events that may affect their operations. Cybersecurity disruptions could cause physical harm to people or the environment; damage or destroy assets; compromise business systems; result in proprietary information being altered, lost, or stolen; result in employee, customer, or third-party information being compromised; or otherwise disrupt our business operations. We could incur significant costs to remedy the effects of a major cybersecurity disruption in addition to costs in connection with resulting regulatory actions, litigation, or reputational harm."
AAPL-2023-036,AAPL,technology,1,1,1,0,0,0,keyword,"The Company is exposed to credit risk and fluctuations in the values of its investment portfolio.

The Company's investments can be negatively affected by changes in liquidity, credit deterioration, financial results, market and economic conditions, political risk, sovereign risk, interest rate fluctuations or other factors. As a result, the value and liquidity of the Company's cash, cash equivalents and marketable securities may fluctuate substantially. Therefore, although the Company has not realized any significant losses on its cash, cash equivalents and marketable securities, future fluctuations in their value could result in significant losses and could have a material adverse impact on the Company's results of operations and financial condition.

Apple Inc. | 2023 Form 10-K | 15

The Company is exposed to credit risk on its trade accounts receivable, vendor non-trade receivables and prepayments related to long-term supply agreements, and this risk is heightened during periods when economic conditions worsen.

The Company distributes its products and certain of its services through third-party cellular network carriers, wholesalers, retailers and resellers. The Company also sells its products and services directly to small and mid-sized businesses and education, enterprise and government customers. A substantial majority of the Company's outstanding trade receivables are not covered by collateral, third-party bank support or financing arrangements, or credit insurance, and a significant portion of the Company's trade receivables can be concentrated within cellular network carriers or other resellers. The Company's exposure to credit and collectibility risk on its trade receivables is higher in certain international markets and its ability to mitigate such risks may be limited. The Company also has unsecured vendor non-trade receivables resulting from purchases of components by outsourcing partners and other vendors that manufacture subassemblies or assemble final products for the Company. In addition, the Company has made prepayments associated with long-term supply agreements to secure supply of inventory components. As of September 30, 2023, the Company's vendor non-trade receivables and prepayments related to long-term supply agreements were concentrated among a few individual vendors located primarily in Asia. While the Company has procedures to monitor and limit exposure to credit risk on its trade and vendor non-trade receivables, as well as long-term prepayments, there can be no assurance such procedures will effectively limit its credit risk and avoid losses."
NVDA-2025-036,NVDA,technology,0,0,0,1,0,0,keyword,"We rely upon internal processes and information systems to support key business functions, including our assessment of internal controls over financial reporting as required by Section 404 of the Sarbanes-Oxley Act. The efficient operation and scalability of these processes and systems is critical to support our growth. We continue to design and implement updated accounting functionality related to a new enterprise resource planning, or ERP, system. Any ERP system implementation may introduce problems, such as quality issues or programming errors, that could have an impact on our continued ability to successfully operate our business or to timely and accurately report our financial results. These changes may be costly and disruptive to our operations and could impose substantial demands on management time. Failure to implement new or updated controls, or difficulties encountered in their implementation, could harm our operating results or cause us to fail to meet our reporting obligations.

Identification of material weaknesses in our internal controls, even if quickly remediated once disclosed, may cause investors to lose confidence in our financial statements and our stock price may decline. Remediation of any material weakness could require us to incur significant expenses, and if we fail to remediate any material weakness, our financial statements may be inaccurate, we may be required to restate our financial statements, our ability to report our financial results on a timely and accurate basis may be adversely affected, our access to the capital markets may be restricted, our stock price may decline, and we may be subject to sanctions or investigation by regulatory authorities."
XOM-2025-013,XOM,energy,0,0,0,0,0,0,keyword,"Project and portfolio management. The long-term success of ExxonMobil's Upstream and Product Solutions businesses, as well as the future success of LCS and other emerging investments, depends on complex, long-term, capital-intensive projects. These projects in turn require a high degree of project management expertise to maximize efficiency. Specific factors that can affect the performance of major projects include our ability to: negotiate successfully with joint venturers, partners, governments, suppliers, customers, or others; protect and enforce our contractual and legal rights, including with our joint venture partners; model and optimize reservoir performance; develop markets for project outputs, whether through long-term contracts or the development of effective spot markets; qualify for certain incentives available under supportive government policies for emerging markets and technologies; manage changes in operating conditions and costs, including costs of third party equipment or services such as drilling rigs and shipping, supply-chain disruptions, and inflationary cost pressures; prevent, to the extent possible, and respond effectively to unforeseen technical difficulties that could delay project start-up or cause unscheduled project downtime; and influence the performance of project operators where ExxonMobil does not perform that role. In addition to the effective management of individual projects, ExxonMobil's success, including our ability to mitigate risk and provide attractive returns to shareholders, depends on our ability to successfully manage our overall portfolio, including diversification among types and locations of our projects, products produced, and strategies to acquire or divest assets. We may not be able to acquire or divest assets at a price or on the timeline we contemplate in our strategies. Additionally, we may retain certain liabilities following a divestment and could be held liable for past use or for different liabilities than anticipated, including reversion of decommissioning or other liabilities upon bankruptcy or other default of successors in title."
AAPL-2023-022,AAPL,technology,0,0,1,0,1,0,keyword,"Although malicious attacks perpetrated to gain access to confidential information, including personal information, affect many companies across various industries, the Company is at a relatively greater risk of being targeted because of its high profile and the value of the confidential information it creates, owns, manages, stores and processes.

The Company has implemented systems and processes intended to secure its information technology systems and prevent unauthorized access to or loss of sensitive data, and mitigate the impact of unauthorized access, including through the use of encryption and authentication technologies. As with all companies, these security measures may not be sufficient for all eventualities and may be vulnerable to hacking, ransomware attacks, employee error, malfeasance, system error, faulty password management or other irregularities. For example, third parties can fraudulently induce the Company's or its vendors' employees or customers into disclosing usernames, passwords or other sensitive information, which can, in turn, be used for unauthorized access to the Company's or its vendors' systems and services. To help protect customers and the Company, the Company deploys and makes available technologies like multifactor authentication, monitors its services and systems for unusual activity and may freeze accounts under suspicious circumstances, which, among other things, can result in the delay or loss of customer orders or impede customer access to the Company's products and services."
NVDA-2025-007,NVDA,technology,0,0,0,0,0,0,keyword,"If we overestimate demand, or if customers cancel or defer orders or choose to purchase from our competitors, we may not be able to utilize on-hand inventory or reduce purchase commitments accordingly. We have had to reduce average selling prices, including due to our channel pricing programs, increase prices for certain of our products as a result of our suppliers' increase in prices, write down our inventory, incur cancellation penalties, and record impairments, and may have to do so in the future. These impacts would be amplified by our non-cancellable and non-returnable purchase orders placed in advance of our historical lead times and could be exacerbated if we need to make changes to the design of future products. The risk of these impacts has increased and may continue to increase as our purchase obligations and prepaids have grown and are expected to continue to grow and become a greater portion of our total supply. All of these factors may negatively impact our gross margins and financial results.

Factors that have caused and/or could in the future cause us to underestimate or overestimate demand, and impact the timing and volume of our revenue, include:

• changes in product development cycles and time to market;"
AAPL-2023-010,AAPL,technology,0,0,0,0,0,0,keyword,"Because the Company currently obtains certain components from single or limited sources, the Company is subject to significant supply and pricing risks. Many components, including those that are available from multiple sources, are at times subject to industry-wide shortages and significant commodity pricing fluctuations that can materially adversely affect the Company's business, results of operations and financial condition. For example, the global semiconductor industry has in the past experienced high demand and shortages of supply, which adversely affected the Company's ability to obtain sufficient quantities of components and products on commercially reasonable terms or at all. Such disruptions could occur in the future. While the Company has entered into agreements for the supply of many components, there can be no assurance the Company will be able to extend or renew these agreements on similar terms, or at all. Component suppliers may suffer from poor financial conditions, which can lead to business failure for the supplier or consolidation within a particular industry, further limiting the Company's ability to obtain sufficient quantities of components on commercially reasonable terms or at all. The effects of global or regional economic conditions on the Company's suppliers, described in "" The Company's operations and performance depend significantly on global and regional economic conditions and adverse economic conditions can materially adversely affect the Company's business, results of operations and financial condition, "" above, can also affect the Company's ability to obtain components . Therefore, the Company remains subject to significant risks of supply shortages and price increases that can materially adversely affect its business, results of operations and financial condition."
CVX-2024-008,CVX,energy,0,0,0,1,0,0,keyword,"For information concerning some of the litigation in which the company is involved, see Note 16 Litigation .

Political instability and significant changes in the legal and regulatory environment could harm Chevron's business The company's operations, particularly exploration and production, can be affected by changing political, regulatory and economic environments in the various countries in which it operates. As has occurred in the past, actions could be taken by governments to increase public ownership of the company's partially or wholly owned businesses, to force contract renegotiations, or to impose additional taxes or royalties. In certain locations, governments have proposed or imposed restrictions on the company's operations, trade, currency exchange controls, burdensome taxes, and public disclosure requirements that might harm the company's competitiveness or relations with other governments or third parties. In other countries, political conditions have existed that may threaten the safety of employees and the company's continued presence in those countries, and internal unrest, acts of violence or strained relations between a government and the company or other governments may adversely affect the company's operations. Those developments have, at times, significantly affected the company's operations and results and are carefully considered by management when evaluating the level of current and future activity in such countries. Further, Chevron is required to comply with sanctions and other trade laws and regulations of the United States and other jurisdictions where we operate, such as sanctions imposed in Venezuela and Russia, which, depending upon their scope, could adversely impact the company's operations and financial results in these countries. In addition, litigation or changes in national, state or local environmental regulations or laws, including those designed to stop or impede the development or production of oil and gas, such as those related to the use of hydraulic fracturing or bans on drilling, or any law or regulation that impacts the demand for our products, could adversely affect the company's current or anticipated future operations and profitability."
AAPL-2023-030,AAPL,technology,0,0,0,1,0,0,keyword,"Further, the Company has commercial relationships with other companies in the technology industry that are or may become subject to investigations and litigation that, if resolved against those other companies, could materially adversely affect the Company's commercial relationships with those business partners and materially adversely affect the Company's business, results of operations and financial condition. For example, the Company earns revenue from licensing arrangements with other companies to offer their search services on the Company's platforms and applications, and certain of these arrangements are currently subject to government investigations and legal proceedings.

There can be no assurance the Company's business will not be materially adversely affected, individually or in the aggregate, by the outcomes of such investigations, litigation or changes to laws and regulations in the future. Changes to the Company's business practices to comply with new laws and regulations or in connection with other legal proceedings could negatively impact the reputation of the Company's products for privacy and security and otherwise adversely affect the experience for users of the Company's products and services, and result in harm to the Company's reputation, loss of competitive advantage, poor market acceptance, reduced demand for products and services, and lost sales.

The Company's business is subject to a variety of U.S. and international laws, rules, policies and other obligations regarding data protection."
MSFT-2024-012,MSFT,technology,0,0,0,0,1,0,keyword,"The security of our products and services is important in our customers' decisions to purchase or use our products or services across cloud and on-premises environments. Security threats are a significant challenge to companies like us, whose business is providing technology products and services to others. Threats to or attacks on our own IT infrastructure, such as the nation-state attack described in the prior risk factor, have also affected our customers and may do so in the future. Customers using our cloud-based services rely on the security of our infrastructure, including hardware and other elements provided by third parties, to ensure the reliability of our services and the protection of their data. Adversaries tend to focus their efforts on the most popular operating systems, programs, and services, including many of ours, and we expect that to continue. In addition, adversaries can attack our customers' on-premises or cloud environments, sometimes exploiting previously unknown (""zero-day"") vulnerabilities, such as the attack in early calendar year 2021 with several of our Exchange Server on-premises products. Vulnerabilities in these or any product can persist even after we have issued security patches if customers have not installed the most recent updates, or if the attackers exploited the vulnerabilities before patching to install additional malware to further compromise customers' systems. Adversaries will continue to attack customers using our cloud services as customers embrace digital transformation. Adversaries that acquire user account information can use that information to compromise our users' accounts, including where accounts share the same attributes such as passwords. Inadequate account security practices may also result in unauthorized access, and user activity may result in ransomware or other malicious software impacting a customer's use of our products or services. There may be vulnerabilities in open source software that may make our products susceptible to cyberattacks as we increasingly incorporate open source software into our products. Additionally, features that rely on generative AI may be susceptible to unanticipated security threats from adversaries as we add new generative AI features to our services while continuously developing our understanding of security risks and protection methods in the new field of generative AI."
JPM-2026-034,JPM,banking,1,0,0,1,0,0,keyword,"JPMorganChase is subject to various regulatory capital requirements, and the amount of capital that it is required to hold under those requirements could increase at any given time due to factors such as:

Part I

• actions by banking regulators, as well as changes in applicable law or how applicable law is implemented by banking regulators

• changes in the composition of JPMorganChase's balance sheet or developments that could increase RWA, such as increased market risk, customer delinquencies, client credit rating downgrades or other factors, and

• increases in estimated stress losses as determined by the Federal Reserve under CCAR, which could increase JPMorganChase's SCB.

Although more likely in times of stress, JPMorganChase may use its regulatory capital buffers allowing capital ratios to decline below regulatory requirements, subjecting it to restrictions on capital distributions and discretionary bonus payments to its executive officers.

Any failure by or inability of JPMorganChase to maintain the required level and composition of capital, any decision by JPMorgan Chase to use its regulatory buffers allowing capital ratios to decline below regulatory requirements or unfavorable changes in applicable capital requirements, could have an adverse impact on JPMorganChase's shareholders by:

• reducing the amount of common stock that JPMorganChase is permitted to repurchase"
NVDA-2025-017,NVDA,technology,0,1,1,0,0,0,keyword,"For example, in fiscal year 2023, a defect was identified in a third-party component embedded in certain Data Center products. This defect has had, and other defects may in the future have, an adverse effect on our cost and supply of components and finished goods. These costs could be significant in future periods. We recorded a net warranty liability during fiscal year 2023 primarily in connection with this defect. While we believe we have accurately recorded for warranty obligations, we may need to record additional amounts in the future if our estimate proves to be incorrect. In general, if a product liability claim regarding any of our products is brought against us, even if the alleged damage is due to the actions or inactions of a third party, such as within our supply chain, the cost of defending the claim could be significant and would divert the efforts of our technical and management personnel and harm our business. Further, our business liability insurance may be inadequate or future coverage may be unavailable on acceptable terms, which could adversely impact our financial results.

Risks Related to Our Global Operating Business

Adverse economic conditions may harm our business.

Economic and industry uncertainty or changes, including recession or slowing growth, inflation, changes or uncertainty in fiscal, monetary, or trade policy, disruptions to capital markets and the banking system, currency fluctuations, higher interest rates, tighter credit, lower capital expenditures by businesses, including on IT infrastructure, increases in unemployment, labor shortages, and lower consumer confidence and spending, global supply chain constraints, and global economic and geopolitical developments, including the implementation of tariffs by the USG or other governments, have in the past and/or could in the future have adverse, wide-ranging effects on our business and financial results, including:"
NVDA-2024-000,NVDA,technology,0,0,1,0,0,0,keyword,"The following risk factors should be considered in addition to the other information in this Annual Report on Form 10-K. The following risks could harm our business, financial condition, results of operations or reputation, which could cause our stock price to decline. Additional risks, trends and uncertainties not presently known to us or that we currently believe are immaterial may also harm our business, financial condition, results of operations or reputation.

Risk Factors Summary

Risks Related to Our Industry and Markets

• Failure to meet the evolving needs of our industry may adversely impact our financial results.

• Competition could adversely impact our market share and financial results.

Risks Related to Demand, Supply and Manufacturing

• Failure to estimate customer demand accurately has led and could lead to mismatches between supply and demand.

• Dependency on third-party suppliers and their technology to manufacture, assemble, test, or package our products reduces our control over product quantity and quality, manufacturing yields, and product delivery schedules and could harm our business.

• Defects in our products have caused and could cause us to incur significant expenses to remediate and could damage our business.

Risks Related to Our Global Operating Business

• Adverse economic conditions may harm our business."
CVX-2026-014,CVX,energy,0,0,0,1,0,1,keyword,"Attention to environmental, social, and governance (ESG) matters impacts our company Attention to ESG matters, including those related to climate change and sustainability, evolving societal, investor and governmental pressure on companies to address ESG matters, and potential customer and consumer use of substitutes to Chevron's products have resulted and may continue to result in changes to the portfolio and company activities, increased costs, reduced demand for our products, reduced profits, increased investigations and litigation or threats thereof, negative impacts on our stock price and access to capital markets, impaired participation in public discourse and debate by the company relating to mandatory and voluntary standards and regulations, and damage to our reputation. For example, trends in attention to ESG matters, including climate change, have resulted and may result in the future in shifting demand for our hydrocarbon products, additional litigation and governmental investigations, and/or threats thereof, against the company. For instance, we have received investigative requests and demands from the U.S. Congress for information relating to climate change, methane leak detection and repair, and other topics, and further requests and/or demands are possible. At this time, Chevron cannot predict the ultimate impact any Congressional or other investigations may have on the company. Information related to climate-change related litigation matters is included in Note 16 Litigation under the heading ""Climate Change."""
BAC-2026-030,BAC,banking,0,0,1,0,1,0,keyword,"We use, and expect to increasingly use, emerging technologies, including AI, across our operations, including business processes, services and products, and we expect greater AI adoption by our third parties, clients, counterparties, clearinghouses and financial intermediaries. Expanded use of AI, including emerging third‑party AI services and autonomous AI agents, may result in increased data risk, unpredictable system interactions, inadequate controls or safeguards, AI failure, or produce unintended operations or consequences. AI services used by our clients or third parties may interact with our systems or communicate directly with our employees, and may act without authorization, make execution errors, behave unpredictably or be misaligned with intended outcomes, which could result in additional operational, legal and regulatory risk, and reputational harm.

There can be no assurance that our resiliency, business continuity, technology change and information security response plans will effectively mitigate our operational risks. Any backup systems or manual processes may not process data accurately and/or as quickly or effectively as our primary systems, and some data might not be available or backed up. Also, the speed at which we are able to remediate any failure or disruption of our operations and/or information systems may vary across jurisdictions. We regularly update the operational processes and information systems we rely on to support our operations and growth, including as part of our efforts to comply with all applicable LRRs globally. This updating entails significant costs and creates risks associated with implementing new or modified operational processes and information systems and integrating them with existing information systems, including business interruptions, failures or ineffectiveness."
CVX-2025-006,CVX,energy,0,0,0,0,0,0,keyword,"Chevron may not complete the acquisition of Hess Corporation within the time frame the company anticipates or at all, which could have adverse effects on Chevron The completion of the acquisition of Hess Corporation (Hess) is subject to a number of conditions, including approval of any Guyanese governmental body, agency or authority that asserts its approval is required in connection with the transaction, which makes the completion and timing of the completion of the merger uncertain.

Hess Guyana Exploration Limited (HGEL), a wholly owned subsidiary of Hess, is currently in arbitration with respect to the right of first refusal (Stabroek ROFR) contained in an operating agreement among HGEL, affiliates of Exxon Mobil Corporation (Exxon), and China National Offshore Oil Corporation (CNOOC) regarding the Stabroek Block offshore Guyana. The arbitration merits hearing about the applicability of the Stabroek ROFR to the merger has been scheduled for May 2025, with a decision expected in approximately the following three months. If the arbitration does not result in a confirmation that the Stabroek ROFR is inapplicable to the merger, and if Chevron, Hess, Exxon and/or CNOOC do not otherwise agree upon an acceptable resolution, then there would be a failure of a closing condition under the merger agreement, in which case the merger would not close."
CVX-2025-018,CVX,energy,0,0,0,1,0,1,keyword,"The standards and regulations for tracking, reporting, disclosing, marketing and advertising related to ESG matters are relatively new, have not been harmonized and continue to evolve. Further, our selection of disclosure frameworks that seek to align with various voluntary reporting standards may change from time to time. Either of these circumstances may result in a lack of comparative data from period to period.

Our existing processes and controls may not align with evolving voluntary and mandatory standards for identifying, measuring, and reporting ESG metrics. Our interpretation of reporting standards may differ from those of others, and such standards may change over time, including through non-public processes, any of which could result in significant revisions to our goals or reported progress in achieving such goals. For example, Chevron's methane intensity target is calculated based on Compendium of Greenhouse Gas Emissions Methodologies for the Oil and Natural Gas Industry (2021), which requires use of local regulatory reporting methodologies where applicable. The U.S. EPA has adopted notable changes to reporting methodologies in its Greenhouse Gas Reporting Program (40 C.F.R. Part 98.230), which are applicable to Chevron's U.S. operations. We expect these adopted changes may increase our reported emissions in future years, and therefore, increase our reported methane intensity. In addition, Chevron participates, along with other companies, institutes, universities, trade associations and other organizations, in various initiatives, campaigns, and other projects that express various ambitions, aspirations and goals related to climate change, emissions and energy transition. Chevron's individual ambitions, future performance or policies may differ from the ambitions of such organizations or the individual ambitions of other participants in these various initiatives, campaigns, and other projects, and Chevron may unilaterally change its individual ambitions. Achievement of or efforts to achieve ambitions such as the foregoing and future internal climate-related initiatives has, and may continue to, increase costs, and, in addition, may require purchase of carbon credits, or limit or impact the company's business plans, operations and financial results, potentially resulting in reduction to the economic end-of-life of certain assets, impairing the associated net book value, among other material adverse impacts. Our failure or"
BAC-2026-044,BAC,banking,0,0,0,1,1,0,keyword,"We and our regulators have an increased focus on privacy, information security and emerging technologies, such as AI. This includes cybersecurity incidents perpetrated against us, our clients, providers of products and services, counterparties and other third parties, the collection, use and sharing of data, and safeguarding of personally identifiable information and corporate data, as well as the development, implementation, use and management of emerging technologies, which have resulted in, and will likely continue to result in, related litigation (including class actions) or government enforcement, including with regard to compliance with U.S. and global LRRs, and could subject us to fines, judgments and/or settlements and involve reputational losses. The interconnectedness and complexity of AI models may complicate oversight and compliance, and reliance on third‑party AI models further increases our risks due to limited visibility into their training data, methodologies and safeguards. Inaccurate AI outputs, unintended or unauthorized exposure of confidential information, biases and possible infringement of intellectual property rights through the use of AI increase this risk. Also, increasing scrutiny regarding sustainability-related policies, goals, targets and disclosure could result in litigation, regulatory investigations and actions.

In addition to the consent order regarding BSA/anti-money laundering and economic sanctions compliance programs, in recent years we have entered into orders or settlements with certain government agencies regarding the rates paid on uninvested cash in brokerage and investment advisory accounts that is swept into interest-paying bank deposits, credit card sales and marketing practices and representment fee practices and our participation in implementing COVID-19-related government relief measures and other federal and state government assistance programs, including unemployment benefit processing for California and certain other states. We are, or may become subject to related litigation or investigations by other regulators related to the conduct that resulted in these orders, or orders or investigations we become subject to in the future, which may result in judgments and/or settlements. Also, w e may be adversely impacted by matters related to fraud perpetrated against our clients in connection with their use of electronic payments (including Zelle) and other similar products and services, which could result in judgments or settlements, and adversely affect our businesses and strategies."
AAPL-2024-008,AAPL,technology,0,0,1,0,0,0,keyword,"The Company relies on single-source outsourcing partners in the U.S., Asia and Europe to supply and manufacture many components, and on outsourcing partners primarily located in Asia, for final assembly of substantially all of the Company's hardware products. Any failure of these partners to perform can have a negative impact on the Company's cost or supply of components or finished goods. In addition, manufacturing or logistics in these locations or transit to final destinations can be disrupted for a variety of reasons, including natural and man-made disasters, information technology system failures, commercial disputes, economic, business, labor, environmental, public health or political issues, trade and other international disputes, geopolitical tensions, or conflict.

The Company has invested in manufacturing process equipment, much of which is held at certain of its outsourcing partners, and has made prepayments to certain of its suppliers associated with long-term supply agreements. While these arrangements help ensure the supply of components and finished goods, if these outsourcing partners or suppliers experience severe financial problems or other disruptions in their business, such continued supply can be disrupted or terminated, and the recoverability of manufacturing process equipment or prepayments can be negatively impacted.

Changes or additions to the Company's supply chain require considerable time and resources and involve significant risks and uncertainties, including exposure to additional regulatory and operational risks."
C-2026-008,C,banking,0,0,0,0,0,0,keyword,"Effective as of the first quarter of 2026, Citi transferred its Retail Banking business from USPB to Wealth , and the remaining USPB businesses, including Branded Cards and Retail Services, were integrated into a new U.S. Consumer Cards (USCC) segment. The following chart details Citi's segments and their lines of business as of the first quarter of 2026:

Note: Mexico is included in Latin America (LATAM) within International.

(1) Fixed Income Markets consists of the Rates and Currencies and Spread Products and Other Fixed Income sub-businesses; Equity Markets consists of the Equity Derivatives, Equity Cash and Prime Services sub-businesses.

(2) Investment Banking consists of the Debt Capital Markets (DCM), Equity Capital Markets (ECM) and Advisory sub-businesses.

(3) Mexico Consumer/SBMM operates primarily through Grupo Financiero Banamex, S.A. de C.V. (Banamex) and its consolidated subsidiaries. Mexico Consumer/SBMM results of operations and certain balance sheet information are presented in a managerial view in this Form 10-K and include certain intercompany allocations, managerial charges and offshore expenses that reflect the Mexico Consumer/SBMM operations as a component of Citi's consolidated operations, and are not intended to reflect, and may differ significantly from, Banamex's results and operations as a standalone legal entity. For additional information, see "" All Other —Managed Basis—Legacy Franchises (Managed Basis)"" below.

(4) Primarily represents the remaining two exit countries (Poland and Korea).

(5) Within International, Citi is organized into six clusters: United Kingdom; Japan, Asia North and Australia (JANA); LATAM; Asia South; Europe; and Middle East, Africa and Russia (MEA). Although the chief operating decision maker (CODM) does not manage Citi's segments and All Other by cluster, Citi provides additional selected financial information (revenue and certain corporate credit metrics) below for the six clusters within International."
XOM-2024-009,XOM,energy,0,0,0,0,0,1,keyword,"Technology and lower-emission solutions. Achieving societal ambitions to reduce greenhouse gas emissions and ultimately achieve net zero will require new technologies to reduce the cost and increase the scalability of alternative energy sources, as well as technologies such as carbon capture and storage (CCS). CCS technologies, focused initially on capturing and sequestering CO2 emissions from high-intensity industrial activities, can assist in meeting society's objective to mitigate atmospheric greenhouse gas levels while also helping ensure the availability of the reliable and affordable energy the world requires. ExxonMobil has established a Low Carbon Solutions (LCS) business unit to advance the development and deployment of these technologies and projects, including CCS, hydrogen, lower-emission fuels, and lithium, breakthrough energy efficiency processes, advanced energy-saving materials, and other technologies. The company's efforts include both in-house research and development as well as collaborative efforts with leading universities and with commercial partners involved in advanced lower-emission energy technologies. Our future results and ability to grow our LCS business, help nations meet their emission-reduction goals, and succeed through the energy transition will depend in part on the success of these research and collaboration efforts and on our ability to adapt and apply the strengths of our current business model to providing the energy products of the future in a cost-competitive manner."
BAC-2026-016,BAC,banking,1,1,1,0,0,1,keyword,"Credit

Economic or market disruptions and insufficient credit loss reserves may result in a higher provision for credit losses.

A number of our products expose us to credit risk, including loans, letters of credit, derivatives, debt securities, trading account assets and assets held-for-sale. Deterioration in the financial condition of our consumer and commercial borrowers, counterparties or underlying collateral could adversely affect our results of operations and financial condition.

Our credit portfolios may be impacted by U.S. and global macroeconomic and market conditions and uncertainties, events and disruptions, including declines in GDP, consumer spending or property values, asset price corrections, increasing consumer and corporate leverage, increases in corporate bond spreads, government shutdowns or policies such as tax changes, changes in international trade policy including tariff rates, rising or elevated unemployment levels, elevated inflation or cost of living expenses, fluctuations in foreign exchange or interest rates, as well as the emergence of widespread health emergencies or pandemics, extreme weather events and natural disasters. Significant economic or market stresses and disruptions typically have a negative impact on the business environment and financial markets, which could impact the underlying credit quality of our borrowers and counterparties and asset values. Property value declines or asset price corrections could increase the risk of borrowers or counterparties defaulting or becoming delinquent in their obligations to us, and could decrease the value of the collateral we hold, which could increase credit losses. Credit risk could also be magnified by lending to leveraged borrowers or as a result of declining asset prices, including property or collateral values. Simultaneous drawdowns on lines of credit and/or an increase in a borrower's leverage in a weakening economic environment, or otherwise, could result in deterioration in our credit portfolio, should borrowers be unable to fulfill competing financial obligations. Increased delinquency and default rates could adversely affect our credit portfolios and increase charge-offs and provisions for credit losses."
BAC-2026-050,BAC,banking,0,0,0,1,1,0,keyword,"Reputation

Damage to our reputation could harm our businesses, including our competitive position and business prospects.

Our ability to attract and retain clients, investors and employees is impacted by our reputation. Reputational harm can arise from various sources that affect public trust, including actual or perceived business activities and activities of our officers, directors, employees, other representatives, clients and third parties, including counterparties, such as fraud, misconduct and unethical behavior, our ability to detect, prevent and/or respond to fraud perpetrated against our clients, and the handling of related disputes regarding the use of our products and services, including electronic payments, effectiveness of our internal controls, the fees charged to our clients, including overdraft and non-sufficient funds fees, compensation practices, lending practices, suitability or reasonableness of particular trading or investment strategies, the services offered to our clients, the reliability of our research and models and prohibiting clients from engaging in certain transactions.

Our reputation and business prospects may also be harmed by actual or perceived failure to deliver the products, service standards and quality expected, protect our clients and/or recognize and address client complaints, maintain effective compliance, properly implement technology changes and manage and use of emerging technologies, including AI, maintain effective data management, as well as cybersecurity incidents and information and security breaches affecting us and our employees, clients and third parties, which have occurred and are expected to continue with increasing frequency and severity, prolonged or repeated system outages, our privacy policies, the improper or unintended disclosure of or failure to safeguard personal, proprietary or confidential information, the breach of our fiduciary obligations, employment practices and the handling of widespread health emergencies or pandemics. Our reputation may also be harmed by litigation and/or regulatory matters and their outcomes, and/or criticism or challenges by third parties, relating to the topics discussed above or otherwise. Challenges and/or criticisms to our environmental and social practices, disclosures and benefits of our products, services or transactions, and those of our clients and third parties, including from third parties, who may have diverging views on those practices and disclosures, may also harm our reputation."
MSFT-2026-017,MSFT,technology,0,0,0,0,1,0,keyword,"PART I

Item 1A

when software updates are not deployed, and maintain the digital security infrastructure that protects the integrity of our network, products, and services. Further, we must provide security tools such as firewalls, anti-virus software, and advanced security and information about the need to deploy security measures and the impact of doing so.

The cost of these measures to protect products and customer-facing services could reduce our operating margins. If we fail to do these things well, actual or perceived security vulnerabilities in our processes, products, and services, data corruption issues, or reduced performance could harm our reputation and lead customers to exercise contractual or other remedies against us, reduce or delay future purchases of products or subscriptions to services, or to use competing products or services. Customers and third parties granted access to customer systems may fail to update their systems, continue to run software or operating systems we no longer support, may fail to timely install or enable security patches, or may otherwise fail to adopt adequate security practices, including in response to enhanced AI-based threats. Customers may also spend more on protecting their existing computer systems from attack, which could delay adoption of additional products or services. Customers in certain industries such as financial services, health care, and government have enhanced or specialized expectations and requirements to which we must develop and engineer our products and services. Any of these could adversely affect our reputation and results of operations. Actual or perceived vulnerabilities may lead to claims against us. Our license agreements typically contain provisions that eliminate or limit our exposure to liability, but these provisions may not withstand legal challenges. At times, to achieve commercial objectives, we may enter into agreements with larger liability exposure to customers."
JPM-2026-030,JPM,banking,1,1,0,1,0,0,keyword,"If JPMorganChase is unable to reduce positions effectively during a market dislocation, this could increase both the market and credit risks associated with those positions and the level of risk-weighted-assets (""RWA"") that JPMorganChase holds on its balance sheet. These factors could adversely affect JPMorganChase's capital position, funding costs and the profitability of its businesses.

Liquidity

JPMorganChase's ability to operate its businesses could be impaired if its liquidity is constrained.

JPMorganChase's liquidity could be impacted by factors such as:

• market-wide illiquidity or disruption

• actions by governmental authorities, including changes in regulatory requirements relating to liquidity or capital

• actions taken by the Federal Reserve to reduce its balance sheet, which could reduce deposits held by JPMorganChase and other financial institutions

• inability to sell assets, or to sell at favorable times or prices

• default by a CCP or other significant market participant

• unanticipated outflows of cash or collateral

• unexpected loss of deposits, including due to deposit pricing or migration to other investment products

• higher than anticipated draws on lending-related commitments, and

• lack of market or customer confidence in JPMorganChase or financial institutions in general.

A reduction in JPMorganChase's liquidity could be caused by events beyond its control. For example, JPMorganChase's funding costs could increase and its access to traditional sources of liquidity could be"
BAC-2026-048,BAC,banking,0,0,0,1,0,0,keyword,"Also, U.S. banking regulators are expected to release proposals in 2026 to revise methodologies for measuring and reporting risk-based capital adequacy, including the calculation of RWA and G-SIB surcharge. The timing and composition of such proposals are uncertain. Final rules issued following those proposals could adversely impact our capital requirements.

Changes in accounting standards or assumptions in applying accounting policies could adversely affect us.

Accounting policies and methods are fundamental to how we record and report our financial condition and results of operations. Some of these policies require the use of estimates and assumptions that may affect the reported value of our assets or liabilities and results of operations and are critical because they require management to make difficult, subjective and complex judgments about matters that are inherently uncertain. If assumptions, estimates or judgments are erroneously applied, we could be required to correct and restate prior-period financial statements. Accounting standard-setters and those who interpret the accounting standards, including the SEC, banking regulators and our independent registered public accounting firm may also amend or even reverse their previous interpretations or positions on how various standards should be applied. These changes may be difficult to predict and could impact the preparation and reporting of our financial statements, including the application of new or revised standards retrospectively, resulting in unexpected losses, revisions to prior-period financial statements and other adverse impacts to us, including legal and regulatory risk."
CVX-2024-017,CVX,energy,0,1,0,1,0,1,keyword,"GENERAL RISK FACTORS

Changes in management's estimates and assumptions may have a material impact on the company's consolidated financial statements and financial or operational performance in any given period In preparing the company's periodic reports under the Securities Exchange Act of 1934, including its financial statements, Chevron's management is required under applicable rules and regulations to make estimates and assumptions as of a specified date. These estimates and assumptions are based on management's best estimates and experience as of that date and are subject to substantial risk and uncertainty. Materially different results may occur as circumstances change and additional information becomes known. Areas requiring significant estimates and assumptions by management include impairments to property, plant and equipment and investments in affiliates; estimates of crude oil and natural gas recoverable reserves; accruals for estimated liabilities, including litigation reserves; and measurement of benefit obligations for pension and other postretirement benefit plans. Changes in estimates or assumptions or the information underlying the assumptions, such as changes in the company's business plans, general market conditions, the pace of energy transition, or changes in the company's outlook on commodity prices, could affect reported amounts of assets, liabilities or expenses."
COP-2025-018,COP,energy,0,0,1,0,0,0,keyword,"The success of our acquisition of Marathon Oil will depend on, among other things, our ability to integrate Marathon Oil with our business in a manner that facilitates development opportunities and realizes expected synergies. We may encounter difficulties in integrating our and Marathon Oil's businesses and realizing the expected benefits and synergies of the acquisition of Marathon Oil. If we are not able to successfully achieve our objectives, the anticipated benefits of the acquisition of Marathon Oil may not be realized fully, or at all, or may take longer to realize than expected.

Prior to the completion of our acquisition of Marathon Oil, each of ConocoPhillips and Marathon Oil operated as an independent public company. There can be no assurances that Marathon Oil's business can be integrated successfully into ours. It is possible that the integration process could result in the loss of commercial and vendor partners; the disruption of our, Marathon Oil's or both companies' ongoing businesses; inconsistencies in standards, controls, procedures and policies; unexpected integration issues; higher than expected integration costs; and an overall post-completion integration process that takes longer than originally anticipated. We will be required to devote management attention and resources to integrating Marathon Oil's business practices and operations."
NVDA-2024-009,NVDA,technology,0,0,0,0,0,0,keyword,"transitions, and we may be unable to sell multiple product architectures at the same time for current and future architecture transitions. If we are unable to execute our architectural transitions as planned for any reason, our financial results may be negatively impacted. The increasing frequency and complexity of newly introduced products may result in unanticipated quality or production issues that could increase the magnitude of inventory provisions, warranty or other costs or result in product delays. Deployment of new products to customers creates additional challenges due to the complexity of our technologies, which has impacted and may in the future impact the timing of customer purchases or otherwise impact our demand. While we have managed prior product transitions and have previously sold multiple product architectures at the same time, these transitions are difficult, may impair our ability to predict demand and impact our supply mix, and we may incur additional costs.

Many end customers often do not purchase directly from us but instead purchase indirectly through multiple OEMs, ODMs, system integrators, distributors, and other channel partners. As a result, the decisions made by our multiple OEMs, ODMs, system integrators, distributors, and other channel partners, and in response to changing market conditions and changes in end-user demand for our products, have impacted and could in the future continue to impact our ability to properly forecast demand, particularly as they are based on estimates provided by various downstream parties."
JPM-2026-059,JPM,banking,0,0,0,1,0,0,keyword,"Part I

Competition in the financial services industry could lead to negative effects on JPMorganChase's results of operations.

JPMorganChase operates in a highly competitive environment in which it must constantly adapt to changes in financial regulation, technological advances and economic conditions. JPMorganChase expects that competition in the financial services industry will remain intense, with new competitors in the financial services industry continuing to emerge. For example, technological advances and the growth of e-commerce have made it possible for non-depository institutions to offer products and services that traditionally were banking products. These advances have also allowed financial institutions and other companies to provide electronic and internet-based financial solutions, including:

• lending and other extensions of credit to consumers

• payments processing

• cryptocurrency, including stablecoins

• tokenized securities, and

• online automated algorithmic-based investment advice.

Furthermore, both financial institutions and their non-banking competitors face the risk of disruption to payments processing and other products and services from the use of new technologies that may not require intermediation, such as tokenized securities or other products that leverage distributed ledger technology. New technologies have required and could require JPMorganChase to increase expenditures to modify its products to attract and retain clients and customers or to match products and services offered by its competitors, including technology companies. If JPMorganChase does not keep pace with rapidly changing technological advances, including the adoption of generative AI, it risks losing clients and market share to competitors, which could negatively impact revenues, operating costs and its competitive position. Competition could be intensified as the feasibility, capability and scalability of new technologies improves. In addition, new technologies (including generative AI) could be used by customers or bad actors in unexpected or disruptive ways, or could be breached or infiltrated by third parties, which could increase JPMorganChase's compliance expenses and reduce its income related to the offering of products and services through those technologies."
AAPL-2023-031,AAPL,technology,0,0,0,0,0,0,keyword,"The Company is subject to an increasing number of federal, state and international laws relating to the collection, use, retention, security and transfer of various types of personal information. In many cases, these laws apply not only to third-party transactions, but also restrict transfers of personal information among the Company and its international subsidiaries. Several jurisdictions have passed laws in this area, and additional jurisdictions are considering imposing additional restrictions or have laws that are pending. These laws continue to develop and may be inconsistent from jurisdiction to jurisdiction. Complying with emerging and changing requirements causes the Company to incur substantial costs and has required and may in the future require the Company to change its business practices. Noncompliance could result in significant penalties or legal liability.

The Company makes statements about its use and disclosure of personal information through its privacy policy, information provided on its website, press statements and other privacy notices provided to customers. Any failure by the Company to comply with these public statements or with other federal, state or international privacy or data protection laws and regulations could result in inquiries or proceedings against the Company by governmental entities or others. In addition to reputational impacts, penalties could include ongoing audit requirements and significant legal liability."
XOM-2026-010,XOM,energy,0,0,0,1,0,1,keyword,"Greenhouse gas restrictions. Government actions intended to reduce greenhouse gas emissions include adoption of cap and trade regimes, carbon taxes, carbon accounting, carbon-based import duties or other trade tariffs, minimum renewable usage requirements, restrictive permitting, increased mileage and other efficiency standards, mandates for sales of electric vehicles, restrictions on sales of gasoline-only vehicles, mandates for disclosure of plans to reduce emissions or reduce the use or production of certain products, mandates for use of specific fuels or technologies, and other incentives or mandates designed to support certain technologies for transitioning to lower-emission energy sources. Political actors, non-governmental organizations, and their agents also increasingly seek to collectively advance climate change objectives indirectly, such as by seeking to reduce the availability or increase the cost of financing and investment in the oil and gas sector. These actions include delaying or blocking needed infrastructure, utilizing shareholder governance mechanisms against companies or their shareholders or financial institutions in an effort to deter investment in oil and gas activities, and taking other actions intended to promote changes in business strategy for oil and gas companies. Depending on how policies are formulated and applied, such policies could negatively affect our investment returns, make our hydrocarbon-based products more expensive or less competitive, lengthen project implementation times, and reduce demand for hydrocarbons, as well as shift hydrocarbon demand toward relatively lower-carbon alternatives. Current, pending, and potential greenhouse gas regulations or policies may also increase our compliance costs, such as for monitoring or sequestering emissions and complying with increased or mandatory disclosure or due diligence requirements and government-mandated energy transition plans."
CVX-2025-012,CVX,energy,0,0,0,1,0,1,keyword,"Legislation, regulation, and other government actions related to GHG emissions and climate change could reduce demand for Chevron's hydrocarbon and other products and/or continue to increase Chevron's operational costs and reduce its return on investment. The Paris Agreement went into effect in November 2016, and a number of countries in which we operate have adopted and may adopt additional policies intended to meet their Paris Agreement goals. Globally, multiple jurisdictions are considering adopting or are in the process of implementing laws or regulations to directly regulate GHG emissions through a carbon tax, a cap-and-trade program, performance standards or other mechanisms, or to attempt to indirectly advance reduction of GHG emissions through restrictive permitting, procurement standards, trade barriers, minimum renewable usage requirements, financing standards, standards or requirements for environmental benefit claims, increased GHG reporting and climate-related disclosure requirements, or tax advantages or other incentives to promote the use of alternative energy, fuel sources or lower-carbon technologies. For example, the company operates in jurisdictions with developing or existing programs, such as the Renewable Fuel Standard program in the U.S., California's Cap-and-Trade Program and Low Carbon Fuel Standard, and mandates such as the California Air Resources Board Advanced Clean Cars II regulations, as well as other indirect regulation of GHG emissions, which may, among other things, ban or restrict technologies or products that use the company's products. GHG emissions that may be directly regulated through such efforts include, among others, those associated with the company's exploration and production of hydrocarbons; power generation; the conversion of crude oil, natural gas and biofeedstocks into refined hydrocarbon products; the processing, liquefaction, and regasification of natural gas; the transportation of crude oil, natural gas, and other products; and customers' and consumers' use of the company's hydrocarbon products. In addition, the U.S. Inflation Reduction Act (IRA) implements various incentives for lower carbon activities, including carbon capture and storage and the production of hydrogen and sustainable aviation fuel. Although the IRA offers incentives that could support certain lower carbon lines of business, those same incentives could negatively impact supply and/or demand for our oil and gas products in the future or any existing or future lower carbon business lines. Many of these actions, as well as customers' and consumers' preferences and use of the company's products or substitute products, and actions taken by the company's competitors in response to legislation and regulations, are beyond the company's control."
COP-2024-010,COP,energy,0,0,0,1,0,1,keyword,"Existing and future laws, regulations and internal initiatives relating to global climate change, such as limitations on GHG emissions, may impact or limit our business plans, result in significant expenditures, promote alternative uses of energy or reduce demand for our products.

Continuing political and societal attention to the issue of global climate change has resulted in both existing and pending international agreements and national, regional or local legislation and regulatory measures to limit GHG emissions, such as cap and trade regimes, specific emission standards, carbon taxes, restrictive permitting, increased fuel efficiency standards, and incentives or mandates for renewable and alternative energy. Although we may support the intent of legislative and regulatory measures aimed at addressing climate-related risks, the specifics of how and when they are enacted could result in a material adverse effect to our business, financial condition, results of operations and cash flows in future periods as well as our ability to implement and advance the Plan.

For example, in December 2023, the EPA published a final rule that revises the regulations governing, among other things, the emission of methane and volatile organic compounds from new oil and gas production facilities, and emission guidelines for states to use when revising Clean Air Act implementation plans to limit methane emissions from existing oil and gas facilities. The final rule could result in additional capital expenditures and compliance, operating and maintenance costs, any of which may have an adverse effect on our business and results of operations."
NVDA-2024-045,NVDA,technology,0,0,0,0,0,0,keyword,"Given the increasing strategic importance of AI and rising geopolitical tensions, the USG has changed and may again change the export control rules at any time and further subject a wider range of our products to export restrictions and licensing requirements, negatively impacting our business and financial results. In the event of such change, we may be unable to sell our inventory of such products and may be unable to develop replacement products not subject to the licensing requirements, effectively excluding us from all or part of the China market, as well as other impacted markets, including the Middle East. For example, the USG has already imposed conditions to limit the ability of foreign firms to create and offer as a service large-scale GPU clusters, for example by imposing license conditions on the use of products to be exported to certain countries, or by requiring chip tracking and throttling mechanisms that would disable or impair GPUs if certain system or use conditions are detected. The USG has already imposed export controls restricting certain gaming GPUs, and if the USG expands such controls to restrict additional gaming products, it may disrupt a significant portion of our supply and distribution chain and negatively impact sales of such products to markets outside China, including the U.S. and Europe. Export controls may disrupt our supply and distribution chain for a substantial portion of our products, which are warehoused in and distributed from Hong Kong. Export controls restricting our ability to sell datacenter GPUs may also negatively impact demand for our networking products used in servers containing our GPUs. The USG may also impose export controls on our networking products, such as high-speed network interconnects, to limit the ability of downstream parties to create large clusters for frontier model training. Any new control that impacts a wider range of our products would likely have a disproportionate impact on NVIDIA and may disadvantage us against certain of our competitors that sell chips that are outside the scope of such control. Excessive or shifting export controls have already and may in the future encourage customers outside China and other impacted regions to ""design-out"" certain U.S. semiconductors from their products to reduce the compliance burden and risk, and to ensure that they are able to serve markets worldwide."
NVDA-2026-052,NVDA,technology,0,0,0,0,0,0,keyword,"Export controls have and are likely in the future to have a disproportionate impact on NVIDIA and may disadvantage us against certain of our competitors that sell chips that are outside the scope of such control. Export controls have already and may in the future encourage customers outside China and other impacted regions to ""design-out"" certain U.S. semiconductors from their products to reduce the compliance burden and risk, and to ensure that they are able to serve markets worldwide. Export controls have already encouraged and may in the future encourage overseas governments to request that our customers purchase from our competitors rather than NVIDIA or other U.S. firms, harming our business, market position, and financial results.

As a result, export controls have in the past and may in the future negatively impact demand for our products and services not only in China, but also in other markets, such as Europe, Latin America, and Southeast Asia. Export controls increase the risk of investing in U.S. advanced semiconductor products, because by the time a new product is ready for market, it may be subject to new unilateral export controls restricting its sale, resulting in excess inventory and purchase obligations as we recently experienced with the H20. At the same time, such controls may increase investment in foreign competitors, which would be less likely to be restricted by U.S. controls."
BAC-2026-033,BAC,banking,0,0,0,0,1,0,keyword,"Our risk from cybersecurity threats and incidents, information and security breaches and technology failures continues to increase due to the acceptance and use of digital banking and other digital products and services, including mobile banking products, and reliance on remote access tools and other technology, which have resulted in increased reliance on virtual or digital interactions, a growing number of access points to our information systems and greater amounts of information being available for access. Greater demand on our information systems and security tools and processes are expected.

Emerging technologies, such as AI and quantum computing, are expected to increase these risks. For example, AI lowers the entry barriers to plan and execute cyberattacks, enables more personalized and harder to detect social engineering, and improves vulnerability discovery, which may result in the increased likelihood of exploitation and the speed, scope, scale, and sophistication of cyberattacks. Advances in quantum computing may introduce cryptography risks that threaten the

15 Bank of America

security of our information and systems and strengthen threat actor capabilities in ways that are difficult to anticipate. These technologies, alone or in combination with others, may amplify the risks they pose.

We also face significant third-party technology, cybersecurity and operational risks relating to the large number of clients and third parties on whom we rely to operate our business. Third-party information systems extend beyond our security and control systems, and such third parties have varying levels of security and cybersecurity resources, expertise, safeguards, controls and capabilities and in some cases may be more vulnerable to cyberattacks. Threat actors may actively seek to exploit third-party security and cybersecurity weaknesses. The relationships of our third parties with us may increase the risk that they are targeted by the same threats we face, and such third parties may be less prepared for such threats. Also, we are at risk from critical third-party information security and open-source or proprietary software defects and vulnerabilities. We must rely on our third parties to detect and promptly report cybersecurity incidents, vulnerabilities and technology failures. Their failure could impair our ability to report or respond to such incidents, vulnerabilities and failures effectively or timely."
XOM-2025-014,XOM,energy,0,0,0,0,0,1,keyword,"The term ""project"" as used in this report can refer to a variety of different activities and does not necessarily have the same meaning as in any government payment transparency reports.

Operational efficiency. An important component of ExxonMobil's competitive performance, especially given the commodity-based nature of many of our businesses, is our ability to operate efficiently, including our ability to manage expenses, improve production

yields on an ongoing basis and successfully integrate and achieve the anticipated synergies of acquisitions, including the acquisition of Pioneer. This requires continuous management focus, including technology integration and improvements, cost control, productivity enhancements, harmonizing functions, policies, procedures and processes, regular reappraisal of our asset portfolio, and the recruitment, development, and retention of high caliber employees.

Research and development and technological change. To maintain our competitive position, especially in light of the technological nature of our businesses, the dynamic and rapidly evolving technological landscape, and the need for continuous efficiency improvement, ExxonMobil's technology, research, and development organizations must be successful and able to adapt to a changing market, regulatory, and policy environment, including continuous improvement in the efficiency of hydraulic fracturing technology and developing technologies to help reduce greenhouse gas emissions. To remain competitive, we must also continuously adapt and capture the benefits of new and emerging technologies, including successfully applying advances in the ability to process very large amounts of data to our businesses."
NVDA-2026-014,NVDA,technology,0,0,1,0,0,0,keyword,"Dependency on third-party suppliers and their technology to manufacture, assemble, test, or package our products reduces our control over product quantity and quality, manufacturing yields, and product delivery schedules and could harm our business.

We depend on foundries to manufacture our semiconductor wafers using their fabrication equipment and techniques. We do not assemble, test, or package our products, but instead contract with independent subcontractors. These subcontractors assist with procuring components used in our systems, boards, and products. We face risks which have adversely affected or could adversely affect our ability to meet customer demand and scale our supply chain, negatively impact longer-term demand for our products and services, and adversely affect our business operations, gross margin, revenue and/or financial results, including:

• lack of guaranteed supply of components and capacity;

• decommitment by our suppliers;

• potential higher wafer and component prices resulting from incorrectly estimating demand and failing to place orders with our suppliers with sufficient quantities or timely;

• failure by our foundries or contract manufacturers to procure raw materials or provide adequate levels of manufacturing or test capacity for our products;

• failure by our foundries to develop, obtain, or successfully implement high quality process technologies, including transitions to smaller geometry process technologies such as advanced process node technologies and memory designs needed to manufacture our products;"
XOM-2026-012,XOM,energy,0,1,0,0,0,1,keyword,"Financial Table of Contents

Policy and market development. The scale of the world's energy system means that, in addition to developments in technology as discussed above, meeting society's needs for energy and reducing emissions will require appropriate support from governments and private participants throughout the global economy. Our ability to develop and deploy CCS and other new energy technologies at commercial scale, and the growth and future returns of LCS and other emerging businesses in which we invest, will depend in part on the development of stable and supportive government policies and markets. Failure or delay of these policies or markets to materialize or be maintained could adversely impact or delay these investments. Policy and other actions that result in restricting the availability of hydrocarbon products without a commensurate reduction in demand may have unpredictable adverse effects, including increased commodity price volatility; periods of significantly higher commodity prices and resulting inflationary pressures; and local or regional energy shortages. Such effects in turn may depress economic growth or lead to rapid or conflicting shifts in policy by different actors, with resulting adverse effects on our businesses. In addition, the existence of supportive policies in any jurisdiction is not a guarantee that those policies will continue in the future. See also the discussion of ""Supply and Demand,"" ""Government and Political Factors,"" and ""Operational and Other Factors"" in this Item 1A."
MSFT-2025-002,MSFT,technology,0,0,0,0,0,0,keyword,"Competing platforms have content and application marketplaces with scale and significant installed bases. The variety and utility of content and applications available on a platform are important to device purchasing decisions. Users may incur costs to move data and buy new content and applications when switching platforms. To compete, we must successfully enlist developers to write applications for our platform and ensure that these applications have high quality, security, customer appeal, and value. Efforts to compete with competitors' content and application marketplaces may increase our cost of revenue and lower our operating margins. Competitors' rules governing their content and applications marketplaces may restrict our ability to distribute products and services through them in accordance with our technical and business model objectives.

For all of these reasons, we may not be able to compete successfully against our current and future competitors, which could adversely affect our business, operations, financial condition, and results of operations.

PART I

Item 1A

Business model competition

Companies compete with us based on a growing variety of business models.

A material part of our business involves cloud-based services available across the spectrum of computing devices. We and our competitors continue to devote significant resources to developing and deploying cloud-based strategies and services for consumers and business customers, and pricing and delivery models are evolving."
AAPL-2023-018,AAPL,technology,0,0,1,0,0,0,keyword,"Some third-party digital content providers require the Company to provide digital rights management and other security solutions. If requirements change, the Company may have to develop or license new technology to provide these solutions. There can be no assurance the Company will be able to develop or license such solutions at a reasonable cost and in a timely manner.

The Company's success depends largely on the talents and efforts of its team members, the continued service and availability of highly skilled employees, including key personnel, and the Company's ability to nurture its distinctive and inclusive culture.

Much of the Company's future success depends on the talents and efforts of its team members and the continued availability and service of key personnel, including its Chief Executive Officer, executive team and other highly skilled employees. Experienced personnel in the technology industry are in high demand and competition for their talents is intense, especially in Silicon Valley, where most of the Company's key personnel are located. In addition to intense competition for talent, workforce dynamics are constantly evolving. If the Company does not manage changing workforce dynamics effectively, it could materially adversely affect the Company's culture, reputation and operational flexibility.

The Company believes that its distinctive and inclusive culture is a significant driver of its success. If the Company is unable to nurture its culture, it could materially adversely affect the Company's ability to recruit and retain the highly skilled employees who are critical to its success, and could otherwise materially adversely affect the Company's business, reputation, results of operations and financial condition."
BAC-2026-052,BAC,banking,0,0,0,1,0,0,keyword,"We could suffer reputational harm if we fail to properly identify and manage potential conflicts of interest, the management of which has become increasingly complex as we expand our business activities through more numerous transactions, obligations and interests with and among our clients. The actual or perceived failure to adequately address conflicts of interest could also affect willingness of clients to use our products and services, or result in litigation or enforcement actions, which could adversely affect our business.

Our actual or perceived failure to address these and other issues, such as operational risks, could give rise to reputational harm and our business prospects, including the attraction and retention of clients and employees, and give rise to additional regulatory restrictions and legal risks which could, among other consequences, increase the size and number of litigation claims and damages asserted or subject us to enforcement actions, fines and penalties, and result in related costs and expenses.

Other

We face significant and increasing competition in the financial services industry.

We operate in a highly competitive environment and experience intense competition from local and global bank and nonbank financial institutions and new market entrants. Increasing pressure to provide products and services on more attractive terms, including lower fees, lower cost investment strategies and higher interest rates on deposits, may impact our ability to effectively compete. Also, we may be disadvantaged by our size, the jurisdictions in which we are organized or operate or from more stringent regulatory requirements applicable to us than to nonbank financial institutions, those obtaining limited bank charters or other actual or perceived competitors."
COP-2025-016,COP,energy,0,0,0,1,0,1,keyword,"In addition, certain interest groups have also proposed ballot initiatives, contested lease sales and challenged project permits, for example, to restrict oil and natural gas development generally as well as specific projects, including the Willow project in Alaska. In the event that ballot initiatives, local, state, or national restrictions or prohibitions are adopted and result in more stringent limitations on the production and development of oil and natural gas in areas where we conduct operations, we may incur significant costs to comply with such requirements or may experience delays or curtailment in the permitting or pursuit of exploration, development or production activities. Such compliance costs and delays, curtailments, limitations or prohibitions could have a material adverse effect on our business, prospects, results of operations, financial condition, liquidity and ability to implement and advance the Climate Risk Strategy.

Political and economic factors in international markets could have a material adverse effect on us.

Approximately 32 percent of our hydrocarbon production was derived from production outside the U.S. in 2024, and 32 percent of our proved reserves, as of December 31, 2024, were located outside the U.S. We are subject to risks associated with our operations in foreign jurisdictions and international markets, including changes in foreign governmental policies relating to crude oil, bitumen, LNG, natural gas or NGLs pricing and taxation; other regulatory or economic developments (including the macro effects of international trade policies and disputes); disruptive geopolitical conditions such as the escalation of geopolitical tension in the Middle East in late 2023 and through 2024; and international monetary and currency rate fluctuations. Restrictions on production of oil and gas could increase to the extent governments view such measures as a viable approach for pursuing national and global energy security and climate policies. In addition, some countries where we operate lack a fully independent judiciary system. This, coupled with changes in foreign law or policy, results in a lack of legal certainty that exposes our operations to increased risks, including increased difficulty in enforcing our agreements in those jurisdictions and increased risks of adverse actions by local government authorities, such as expropriations. Actions by host governments, such as the expropriation of our oil assets by the Venezuelan government, have affected operations significantly in the past and may continue to do so in the future."
XOM-2024-015,XOM,energy,0,0,1,0,0,1,keyword,"Preparedness. Our operations may be disrupted by severe weather events, natural disasters, human error, and similar events. For example, hurricanes may damage our offshore production facilities or coastal refining and petrochemical plants in vulnerable areas. Our facilities are designed, engineered, constructed, and operated to withstand a variety of extreme climatic and other conditions, with safety factors built in to cover a number of uncertainties, including those associated with wave, wind, and current intensity, marine ice flow patterns, permafrost stability, storm surge magnitude, temperature extremes, extreme rainfall events, and earthquakes. Our consideration of changing weather conditions and inclusion of safety factors in design covers the engineering uncertainties that climate change and other events may potentially introduce. Our ability to mitigate the adverse impacts of these events depends in part upon the effectiveness of our robust facility engineering, our rigorous disaster preparedness and response, and business continuity planning.

Insurance limitations. The ability of the Corporation to insure against many of the risks it faces as described in this Item 1A is limited by the availability and cost of coverage, which may not be economic, as well as the capacity of the applicable insurance markets, which may not be sufficient.

Competition. As noted in Item 1 above, the energy and petrochemical industries are highly competitive. We face competition not only from other private firms, but also from state-owned companies that are increasingly competing for opportunities outside of their home countries and as partners with other private firms. In some cases, these state-owned companies may pursue opportunities in furtherance of strategic objectives of their government owners, with less focus on financial returns than companies owned by private shareholders, such as ExxonMobil. Technology and expertise provided by industry service companies may also enhance the competitiveness of firms that may not have the internal resources and capabilities of ExxonMobil or reduce the need for resource-owning countries to partner with private-sector oil and gas companies in order to monetize national resources. As described in more detail above, our hydrocarbon-based energy products are also subject to growing and, in many cases, government-supported competition from alternative energy sources."
NVDA-2026-046,NVDA,technology,0,0,0,0,0,0,keyword,"In April 2025, the USG informed us that it requires a license for export to China (including Hong Kong and Macau) and D:5 countries, or to companies headquartered or with an ultimate parent therein, of our H20 integrated circuits and any other circuits achieving the H20's memory bandwidth, interconnect bandwidth, or combination thereof. As a result of these requirements, we incurred a $4.5 billion charge in the first quarter of fiscal year 2026 associated with H20 for excess inventory and purchase obligations, as the demand for H20 products diminished.

In August 2025, the USG granted licenses that would allow us to ship certain H20 products to certain China-based customers. We generated approximately $60 million in H20 revenue under those licenses. USG officials expressed an expectation that the USG will receive 15% or more of the revenue generated from licensed sales of our products, but the USG did not publish a regulation codifying such requirement.

In February 2026, the USG granted a license that would allow us to ship small amounts of H200 products to specific China-based customers. To date, we have not generated any revenue under the H200 licensing program, and do not yet know whether any imports will be allowed into China. The license requires that the H200s go through an inspection process in the United States prior to any shipment to the customer. As a result, any H200 shipped under the new licensing program will be subject to a 25% tariff upon importation into the United States."
XOM-2026-001,XOM,energy,0,1,1,1,0,0,keyword,"Economic conditions. The demand for energy and petrochemicals is generally linked closely with broad-based economic activities and levels of prosperity. The occurrence of economic downturns, recessions or other periods of low or negative economic growth will typically have a direct adverse impact on our results. Other factors that affect general economic conditions in the world or in a major region, such as changes in population growth rates or living standards, periods of civil unrest or armed hostilities, escalating geopolitical volatility, government regulation or austerity programs, national or regional trade tariffs, trade sanctions or trade controls, international monetary and currency exchange rate fluctuations, decoupling of economies, disruption, realignment, or breaking of current or historical trade or military alliances or global trade or supply chain networks, changes in international trade patterns or shipping routes, or a broader breakdown in global trade, security or public health, can also impact the supply and demand for energy and petrochemicals. Sovereign debt downgrades, defaults, extended government shutdowns, inability to access debt markets due to rating, banking, or legal constraints, liquidity crises, market bubbles and corrections, the breakup or restructuring of fiscal, monetary, or political systems such as the European Union, de-dollarization in global trade or the growth or use of alternative common currencies, and other events or conditions that impair the functioning of financial markets and institutions also pose risks to ExxonMobil, including risks to the safety of our financial assets and to the ability of our partners, suppliers, and customers to fulfill their commitments to ExxonMobil. Our future business, including earnings, cash flows, and financing needs, may also be affected by the occurrence, severity, pace, and rate of recovery of future public health epidemics or pandemics or other natural or human events beyond our control; the responsive actions taken by governments and others; and the resulting effects on regional and global markets and economies."
MSFT-2026-014,MSFT,technology,0,0,0,0,1,0,keyword,"PART I

Item 1A

Security of our products, services, devices, and customers' data

The security of our products and services is important in our customers' decisions to purchase or use our products or services across cloud and on-premises environments. Security threats are a significant challenge to companies like us, whose business is providing technology products and services to others. Threats to, or attacks on, our own infrastructure, such as the nation-state attack described in the prior risk factor, have also affected our customers and may do so in the future. The reliability of our cloud-based services and the protection of customer data depend on the security of our infrastructure and the security of third-party infrastructure upon which we rely, which includes hardware, software, and other elements provided by third parties. Adversaries tend to focus their efforts on the most popular operating systems, programs, and services, including many of ours, as well as customers with sensitive data, and we expect that to continue. In addition, adversaries can attack our customers' on-premises or cloud environments, sometimes exploiting previously unknown (""zero-day"") vulnerabilities. Product vulnerabilities can persist even after we have issued security patches if customers have not installed the most recent updates, or if attackers, potentially with the assistance of artificial intelligence, reconstruct and exploit the vulnerabilities before patching. Attackers may utilize vulnerabilities to install malware to further compromise customers' systems. Adversaries will continue to attack customers as they embrace digital transformation. Adversaries that acquire user account information can use that information to compromise our users' accounts, including where accounts share the same attributes such as passwords. Inadequate account security practices may also result in unauthorized access, and user activity may result in ransomware or other malicious software impacting a customer's use of our products or services. Our products are highly complex and weaknesses may exist in our development processes. For example, code generated by AI could include errors, deficiencies, or vulnerabilities that increase our exposure to cyberattacks. Additionally, open-source software can also contain vulnerabilities that may make our products susceptible to cyberattacks as we increasingly incorporate open-source software into our products. Accordingly, our products have and may continue to contain vulnerabilities or undetected errors."
JPM-2026-016,JPM,banking,0,1,0,0,0,0,keyword,"If the Parent Company were to approach, or enter into, a resolution, none of the Parent Company, the Federal Reserve or the FDIC is obligated to follow JPMorganChase's preferred resolution strategy, and losses to unsecured creditors of the Parent Company, including holders of eligible LTD, and to holders of equity securities of the Parent Company, under whatever strategy is ultimately followed, could be

Part I

greater than they might have been under JPMorganChase's preferred strategy.

Political

JPMorganChase's businesses could be negatively affected by economic uncertainty resulting from political and geopolitical developments.

Political developments in the U.S. and other countries could cause uncertainty in the economic environment and market conditions in which JPMorganChase operates. Certain governmental policies or actions could significantly affect U.S. and global economic growth and cause higher volatility in the financial markets, including:

• monetary policies and actions taken by central banks, including any sustained large-scale asset purchases, any suspension or reversal of those actions, and changes in interest rate levels

• fiscal policies, including with respect to taxation and spending

• foreign policies that emphasize national interests

• economic or financial sanctions

• the implementation of tariffs and other trade policies

• requirements to relocate business activities or operations"
BAC-2026-046,BAC,banking,0,1,0,1,0,0,keyword,"U.S. federal banking agencies may require increased capital and liquidity levels, which could adversely impact the Corporation.

We are subject to U.S. capital and liquidity regulations. These rules, among other things, establish minimum ratios relating to capital for different categories of assets and exposures to qualify as a well-capitalized institution. As a G-SIB, we are also required to hold additional capital buffers, including a G-SIB surcharge, an SCB and a countercyclical buffer, which are reassessed at least annually. Also, we are subject to regulatory liquidity requirements, including the Liquidity Coverage Ratio and the Net Stable Funding Ratio. If any of our subsidiary insured depository institutions fail to maintain ""well capitalized"" status under the applicable regulatory capital rules, the Federal Reserve will require us to agree to bring the insured depository institution back to well-capitalized status, which may include restrictions on our activities (e.g., payment of dividends and/or repurchase of common stock). If we were to fail to enter into or comply with such an agreement, the Federal Reserve may impose more severe restrictions on our activities, including requiring us to cease and desist activities otherwise permitted.

Also, our ability to pay dividends on or repurchase our common stock depends, in part, on our ability to maintain regulatory capital levels above minimum requirements plus buffers. If our SCB, G-SIB surcharge or countercyclical capital buffer requirements increase, our dividends and common stock repurchases could decrease. For example, our G-SIB surcharge is expected to increase to 3.5 percent from 3.0 percent in 2027, and could increase further in the future. The Federal Reserve could also limit or prohibit capital actions (e.g., impacts to dividends and common stock repurchases) as a result of economic disruptions or events."
NVDA-2025-019,NVDA,technology,1,1,1,0,0,0,keyword,"Adverse developments affecting financial institutions, such as bank failures or instability, or concerns or speculation about similar events or risks, could lead to market-wide liquidity problems and other disruptions, which could impact our customers' ability to fulfill their payment obligations to us, our vendors' ability to fulfill their contractual obligations to us, or our ability to fulfill our own obligations.

Additionally, we maintain an investment portfolio of various holdings, types, and maturities. These investments are subject to general credit, liquidity, market and interest rate risks, which may be exacerbated by market downturns or events that affect global financial markets, as described above. A majority of our investment portfolio comprises USG securities. A decline in global financial markets for long periods or a downgrade of the USG credit rating due to an actual or threatened default on government debt could result in higher interest rates, a decline in the value of the U.S. dollar, reduced market liquidity or other adverse conditions. These factors could cause an unrealized or realized loss position in our investments or require us to record impairment charges.

International sales and operations are a significant part of our business, which exposes us to risks that could harm our business."
JPM-2026-053,JPM,banking,0,0,1,1,0,0,keyword,"Part I

Enhanced regulatory and other standards for the oversight of JPMorganChase's vendors and other service providers could result in higher costs and other potential exposures.

JPMorganChase must comply with enhanced regulatory and other standards when doing business with vendors and other service providers, including those relating to the outsourcing of functions as well as the performance of significant banking and other functions by subsidiaries. JPMorganChase's failure to appropriately assess and manage these relationships, especially those involving significant banking functions, shared services or other critical activities, could materially and adversely affect JPMorganChase. Specifically, any such failure could result in:

• potential harm to clients and customers, and any liability associated with that harm

• lower revenues, and the opportunity cost from lost revenues

• increased operational costs

• the imposition of penalties, or

• reputational harm.

JPMorganChase could incur losses arising from any significant inadequacy or lapse in its risk management framework and control environment.

JPMorganChase's financial condition or results of operations could be materially and adversely affected by any significant inadequacy or lapse in its risk management framework, governance structure, practices, models, reporting systems or controls. Any such inadequacy or lapse could:

• lead to inaccurate or delayed identification of risks"
MSFT-2025-037,MSFT,technology,0,0,0,1,0,1,keyword,"The occurrence of regional epidemics or a global pandemic, such as COVID-19, could adversely affect our business, operations, financial condition, and results of operations. The extent to which global pandemics impact our business going forward will depend on factors such as the duration and scope of the pandemic; governmental, business, and individuals' actions in response to the pandemic; and the impact on economic activity, including the possibility of recession or financial market instability. Measures to contain a global pandemic may intensify other risks described in these Risk Factors.

The long-term effects of climate change on the global economy and the IT industry in particular are unclear. Environmental regulations or changes in the supply, demand, or available sources of energy or other resources may affect the availability or cost of goods and services, including natural resources, necessary to run our business. Changes in climate where we operate may increase the costs of powering and cooling computer hardware we use to develop software and provide cloud-based services.

Our global business exposes us to operational and economic risks. Our customers, employees, and infrastructure are located throughout the world and a significant part of our revenue comes from international sales. The global nature of our business creates operational, economic, and geopolitical risks. Global, regional, and local economic developments, monetary policy, geopolitical tension, particularly between the U.S. and Europe, restrictions on international trade, such as tariffs and other controls on imports or exports, inflation, and recession, as well as political and military disputes, could adversely affect our results of operations. Non-compliance with sanctions as well as general ecosystem disruptions could result in reputational harm, operational delays, monetary fines, loss of revenue, increased costs, loss of export privileges, or criminal sanctions, which could adversely affect our business, financial condition, and results of operations."
NVDA-2025-006,NVDA,technology,0,0,1,0,0,0,keyword,"Risks Related to Demand, Supply, and Manufacturing

Long manufacturing lead times and uncertain supply and component availability, combined with a failure to estimate customer demand accurately, has led and could lead to mismatches between supply and demand.

We have long manufacturing lead times and build finished products and maintain inventory in advance of anticipated demand. In periods of shortages impacting the semiconductor industry and/or limited supply or capacity in our supply chain, the lead times for certain supply may be extended. We have previously experienced and may continue to experience extended lead times of more than 12 months. To secure future supply and capacity, we have paid premiums, provided deposits, and entered into long-term supply agreements and capacity commitments, which have increased our product costs and this may continue. We may still be unable to secure sufficient commitments for capacity to address our business needs.

If we inaccurately estimate demand, or our customers change orders, as we have experienced in the past, we may not be able to reduce our supply commitments in time, at the same rate, or at all. Significant mismatches between supply and demand have varied across our market platforms, resulted in both product shortages and excess inventory, significantly harmed our financial results and could reoccur. If we underestimate demand, and our foundry partners and contract manufacturers are unable to increase production or provide sufficient supply, we may not be able to meet increased customer demand in a timely manner, or at all. Our reputation and customer relationships could be damaged and we could lose revenue and market share. Additionally, since some of our products are part of a complex data center buildout, supply constraints or availability issues with respect to any one component have had and may have a broader revenue impact. For example, our ability to sell certain products has been and could be impeded if components necessary for the finished products are not available from third parties."
XOM-2024-003,XOM,energy,0,1,0,0,0,1,keyword,"Other market factors. ExxonMobil's business results are also exposed to potential negative impacts due to changes in interest rates, inflation, currency exchange rates, changes in usage of the U.S. dollar in global trade, and other local or regional market conditions. In addition to direct potential impacts on our costs and revenues, market factors such as rates of inflation may indirectly impact our results to the extent such factors reduce general rates of economic growth and therefore energy demand, as discussed under ""Economic conditions"". Market factors may also result in losses from commodity derivatives and other instruments we use to hedge price exposures or for trading purposes. Additional information regarding the potential future impact of market factors on our businesses is included or incorporated by reference under ""Item 7A. Quantitative and Qualitative Disclosures About Market Risk"" in this report.

Government and Political Factors

ExxonMobil's results can be adversely affected by political or regulatory developments affecting our operations.

Access limitations. A number of countries limit access to their oil and gas resources, including by restricting leasing or permitting activities, or may place resources off-limits from development altogether. Restrictions on production of oil and gas could increase to the extent governments view such measures as a viable approach for pursuing national and global energy and climate policies. Restrictions on foreign investment in the oil and gas sector tend to increase in times of high commodity prices or when national governments may have less need for outside sources of private capital. Many countries also restrict the import or export of certain products based on point of origin."
AAPL-2024-030,AAPL,technology,0,0,0,1,0,0,keyword,"Apple Inc. | 2024 Form 10-K | 14

There can be no assurance the Company's business will not be materially adversely affected, individually or in the aggregate, by the outcomes of such investigations, litigation or changes to laws and regulations in the future. Changes to the Company's business practices to comply with new laws and regulations or in connection with other legal proceedings can negatively impact the reputation of the Company's products for privacy and security and otherwise adversely affect the experience for users of the Company's products and services, and result in harm to the Company's reputation, loss of competitive advantage, poor market acceptance, reduced demand for products and services, and lost sales.

The Company's business is subject to a variety of U.S. and international laws, rules, policies and other obligations regarding data protection.

The Company is subject to an increasing number of federal, state and international laws relating to the collection, use, retention, security and transfer of various types of personal information. In many cases, these laws apply not only to third-party transactions, but also restrict transfers of personal information among the Company and its international subsidiaries. Several jurisdictions have passed laws in this area, and additional jurisdictions are considering imposing additional restrictions or have laws that are pending. These laws continue to develop and may be inconsistent from jurisdiction to jurisdiction. Complying with emerging and changing requirements causes the Company to incur substantial costs and has required and may in the future require the Company to change its business practices. Noncompliance could result in significant penalties or legal liability."
COP-2026-022,COP,energy,0,0,1,1,1,0,keyword,"Our increasing reliance on IT in our production, distribution and marketing systems may allow cybersecurity threats to disrupt our oil and gas operations, both domestically and abroad.

If our data, IT, operational technology (OT), including industrial control and supervisory control and data acquisition (SCADA) systems were to be breached, damaged or disrupted due to a cybersecurity incident or cyber-attack (directly, indirectly through third parties or through the IT networks, servers, software, or infrastructure on which they rely), we could be subject to serious negative consequences. These consequences could include physical damage to production, distribution or storage assets; delay or prevention of delivery to markets; disruption or prevention of accurate accounting for production and settlement of transactions; negative impacts on public health, safety, the environment, economic security, or national security; financial impacts; business interruption; reputational damage; loss of employee, supplier, contractor, partner and/or public trust; reimbursement or other costs; increased compliance costs; regulatory investigations; litigation exposure and legal liability or regulatory fines; penalties or other external intervention.

Although we have business continuity plans in place, our operations may be adversely affected by significant and widespread disruption to our systems and infrastructure that support our business. If we seek insurance against cybersecurity risks, it may be limited by the availability and increasing expense of sufficient coverage.

For additional information regarding our cybersecurity risk management, strategy and governance, see Item 1C. Cybersecurity .

ConocoPhillips 2025 10-K"
BAC-2026-043,BAC,banking,0,0,0,1,0,0,keyword,"We are subject to significant financial and reputational harm from potential liability arising from lawsuits and regulatory and government action.

We face significant legal risks in our business, with a high volume of claims against us, including related to various products, services and markets. The amount of damages, penalties and fines that private litigants, including clients and other counterparties, and regulators seek from us and other financial institutions continues to be significant and unpredictable.

U.S. federal and state regulators and government agencies, state attorneys general and regulators in foreign jurisdictions regularly pursue enforcement claims and litigation against financial institutions, including us, for alleged violations of law and client harm, including under the Financial Institutions Reform, Recovery, and Enforcement Act, the federal securities laws, the False Claims Act, fair lending laws and regulations (e.g., the Equal Credit Opportunity Act and the Fair Housing Act), the FCPA, the BSA, regulations issued by OFAC, Home Mortgage Disclosure Act, antitrust laws, and consumer protection laws and regulations related to products and services such as overdraft and sales practices, including prohibitions on unfair, deceptive, and/or abusive acts and practices (UDAAP) under the Consumer Financial Protection Act and the Federal Trade

Bank of America 18

Commission Act, and EFTA, as well as other enforcement action taken by prudential regulators with respect to safety, soundness and appropriateness of our business practices. Such claims may require substantial remediation and carry significant penalties, restitution and, in certain cases, treble damages. The ultimate resolution of regulatory inquiries, investigations and other proceedings which we are subject to is difficult to predict."
CVX-2024-009,CVX,energy,0,0,0,1,0,0,keyword,"Legislative or regulatory changes in tax laws may expose Chevron to additional tax liabilities Changes in tax laws and regulations around the world are regularly enacted due to political or economic factors beyond the company's control. Chevron's taxes in the jurisdictions where the company conducts business activities have been and may be adversely affected by changes in tax laws or regulations, including but not limited to, substantive changes in, reductions in, or the repeal or expiration of tax incentives, such as U.S. federal tax incentives for biodiesel blending, which expire in 2024. Furthermore, Chevron's tax returns are subject to audit by taxing authorities around the world. There is no assurance that taxing authorities or courts will agree with the positions that Chevron has reflected on the company's tax returns, in which case interest and penalties could be imposed that may have a material adverse effect on the company's results of operations or financial condition.

During periods of high profitability for certain companies or industries, there are often calls for increased taxes on profits, often called ""windfall profit"" taxes. Governments in various jurisdictions, including California and Australia, have announced, proposed, or implemented windfall profit taxes for companies operating in the energy and oil and gas sectors. Such taxes may be imposed on us or may be increased in the future in these or other jurisdictions. The imposition of, or"
AAPL-2023-004,AAPL,technology,0,0,1,0,0,0,keyword,"The Company's operations are also subject to the risks of industrial accidents at its suppliers and contract manufacturers. While the Company's suppliers are required to maintain safe working environments and operations, an industrial accident could occur and could result in serious injuries or loss of life, disruption to the Company's business, and harm to the Company's reputation. Major public health issues, including pandemics such as the COVID-19 pandemic, have adversely affected, and could in the future materially adversely affect, the Company due to their impact on the global economy and demand for consumer products; the imposition of protective public safety measures, such as stringent employee travel restrictions and limitations on freight services and the movement of products between regions; and disruptions in the Company's operations, supply chain and sales and distribution channels, resulting in interruptions to the supply of current products and offering of existing services, and delays in production ramps of new products and development of new services.

While the Company maintains insurance coverage for certain types of losses, such insurance coverage may be insufficient to cover all losses that may arise.

Global markets for the Company's products and services are highly competitive and subject to rapid technological change, and the Company may be unable to compete effectively in these markets."
CVX-2026-015,CVX,energy,0,0,0,0,0,1,keyword,"Some stakeholders, including but not limited to sovereign wealth, pension, and endowment funds, have been divesting and promoting divestment of, or screening out, fossil fuel equities and urging lenders to limit funding to companies engaged in the extraction of fossil fuel reserves. Further, voluntary carbon-related and target-setting frameworks have been developed that may limit the ability of certain sectors, including the oil and gas sector, from accessing capital, and may result in exclusion of the company's equity or debt from being included as an investment option in portfolios. In addition, some stakeholders, including some of our investors, have divergent and evolving views on our ESG-related strategies and priorities, vis-à-vis our lines of business, calling for focus on increased production of oil and gas products rather than lower carbon business lines and climate-related targets. These circumstances, among others, may result in pressure from activists on production; unfavorable reputational impacts, including inaccurate perceptions or a misrepresentation of our actual ESG policies, practices and performance; diversion of management's attention and resources; and proxy fights, among other material adverse impacts on our businesses.

In addition, organizations that provide information to investors on corporate governance and related matters have developed ratings processes for evaluating companies on their approach to ESG matters, including climate change and climate-related risks (including entities commonly referred to as ""raters and rankers""). Such ratings are used by some investors to inform their investment and voting decisions. Unfavorable ESG ratings and investment community divestment initiatives, among other actions, may lead to negative investor sentiment toward Chevron and to the diversion of investment to other industries, which could have a negative impact on our stock price and our access to and costs of capital. Additionally, evolving expectations on various ESG matters, including human rights, biodiversity, waste and water, have increased, and may continue to increase costs, require changes in how we operate and lead to negative stakeholder sentiment."
COP-2025-007,COP,energy,0,0,0,0,0,0,keyword,"Our ability to manage risk or influence outcomes in joint ventures may be constrained.

We conduct many of our operations through joint ventures in which another joint venture partner is the operator or we may not have majority control. In these cases, the economic, business, or legal interests or goals of the operator or the voting majority may be inconsistent with ours, and we may not be able to influence the decision making or outcomes to align with our interests or goals. Failure by an operator or a voting majority, with whom we have a joint venture interest, to adequately manage the risks associated with any operations could have an adverse effect on the financial condition or results of operations of our joint ventures and, in turn, our business and operations.

Our operations are subject to hazards and risks that require significant and continuous oversight."
BAC-2026-008,BAC,banking,0,1,0,0,0,0,keyword,"Fair values may be impacted by declining values of the underlying assets or the prices at which observable market transactions occur and the continued availability of these transactions or indices. The financial strength of counterparties, with whom we have economically hedged some of our exposure to these assets, also will affect the fair value of these assets. Sudden declines and volatility in the prices of assets may curtail or eliminate trading activities in these assets, which may make it difficult to sell, hedge or value these assets. The inability to sell or effectively hedge assets reduces our ability to limit losses in such positions, and the difficulty in valuing assets may increase our risk-weighted assets (RWA), which requires us to maintain additional capital and increases our funding costs. Values of AUM also impact revenues in our wealth management and related advisory businesses for asset-based management and performance fees. Declines in values of AUM can result in lower fees earned for managing such assets.

Liquidity

If we are unable to access capital markets, we experience sustained net deposit outflows, or our borrowing costs increase, our liquidity and competitive position may be negatively affected.

Liquidity is essential to our businesses and is primarily supported by globally sourced deposits in our bank entities, as well as secured and unsecured liabilities transacted in the capital markets. We rely on certain secured funding sources, such as repo markets, which are typically short-term and may be credit-sensitive. We also engage in asset securitization transactions, including with the government-sponsored"
COP-2026-001,COP,energy,0,1,0,0,0,0,keyword,"Prolonged periods of low commodity prices could have a material adverse effect on our revenues, operating income, cash flows and liquidity, and may also affect the amount of dividends we elect to declare and pay on our common stock and the amount of shares we elect to acquire as part of our share repurchase program and the timing of such repurchases.

Lower prices may also limit the amount of reserves we can produce economically, thus adversely affecting our proved reserves and reserve replacement ratio and accelerating the reduction in our existing proved reserve levels as we continue production from upstream fields. Prolonged depressed prices may affect strategic decisions related to our operations, including decisions to reduce capital investments or curtail operated production.

Significant reductions in crude oil, bitumen, LNG, natural gas and NGLs prices could also require us to reduce our capital expenditures, impair the carrying value of our assets or discontinue the classification of certain assets as proved reserves. Although it is not reasonably practicable to quantify the impact of any future impairments or estimated change to our unit-of-production rates at this time, our results of operations could be adversely affected as a result.

If we do not successfully develop resources, the scope of our business will decline, and our financial condition and results of operations may be adversely affected."
MSFT-2024-015,MSFT,technology,0,0,0,0,1,0,keyword,"Our products operate in conjunction with and are dependent on products and components across a broad ecosystem of third parties. If there is a security vulnerability in one of these components, and if there is a security exploit targeting it, we may experience adverse impacts to our results of operations, reputation, or competitive position."
BAC-2026-005,BAC,banking,0,1,0,0,0,0,keyword,"Our liquidity, competitive position, business, results of operations and financial condition are affected by market risks such as changes in interest and currency exchange rates, fluctuations in equity, commodity and futures prices, trading volumes and prices of securitized products, the implied volatility of interest rates and credit spreads, idiosyncratic market events and other economic and business factors. These market risks may adversely affect, among other things, the value of our securities, including our on- and off-balance sheet securities, trading assets and other financial instruments, the cost of debt capital and our access to credit markets, the value of assets under management (AUM), fee income relating to AUM, client allocation of capital among investment alternatives, the volume of client activity in our trading operations, investment banking, underwriting and other capital market fees and the general profitability and risk level of the transactions in which we engage and our competitiveness with respect to deposit pricing. The value of certain of our assets is sensitive to changes in market interest rates and/or spreads. If the Federal Reserve or a non-U.S. central bank changes or signals a change in monetary policy, market interest rates or credit spreads could be affected, which could adversely impact the value of such assets. Changes to fiscal policy, including expansion of U.S. federal deficit spending could also affect the market's receptivity to debt issuance and market interest rates. If interest rates continue to decrease, our results of operations could be negatively impacted, including future revenue and earnings growth."
COP-2026-007,COP,energy,0,0,0,0,0,0,keyword,"Our ability to manage risk or influence outcomes in joint ventures may be constrained.

We conduct many of our operations through joint ventures in which another joint venture partner is the operator or we may not have majority control. In these cases, the economic, business, or legal interests or goals of the operator or the voting majority may be inconsistent with ours, and we may not be able to influence the decision making or outcomes to align with our interests or goals. Failure by an operator or a voting majority, with whom we have a joint venture interest, to adequately manage the risks associated with any operations could have an adverse effect on the financial condition or results of operations of our joint ventures and, in turn, our business and operations.

Our operations are subject to hazards and risks that require significant and continuous oversight."
BAC-2026-004,BAC,banking,1,1,0,0,0,0,keyword,"Bank of America 8

impact asset prices as experienced in early 2025. Also, the continuation or escalation of tensions between the U.S. and the People's Republic of China (China), including tariff increases, could lead to further U.S. measures that adversely affect financial markets, disrupt world trade and commerce and lead to trade retaliation, including through the use of counter tariffs, foreign exchange measures or the large-scale sale of U.S. Treasury bonds.

These developments could adversely affect our businesses, clients, including demand for our products and services, our market-making activities, our and our clients' securities and derivatives portfolios, including the risk of lower re-investment rates in those portfolios, our level of charge-offs and provision for credit losses, the carrying value of our deferred tax assets, our capital levels, our liquidity, our costs of running our businesses and our results of operations.

Increased market volatility and adverse changes in financial or capital market conditions may increase our market risk."
XOM-2024-005,XOM,energy,0,0,0,1,0,1,keyword,"• increases in taxes, duties, or government royalty rates (including retroactive claims or punitive taxes on oil, gas and petrochemical operations);

• price controls;

• changes in environmental regulations or other laws that increase our cost of operation or compliance or reduce or delay available business opportunities (including changes in laws affecting offshore drilling operations, standards to complete decommissioning, water use, emissions, hydraulic fracturing, or production or use of new or recycled plastics, as well as laws and regulations affecting trading);

• actions by policy-makers, regulators, or other actors to delay or deny necessary licenses and permits, restrict the availability of oil and gas leases or the transportation or export of our products, or otherwise require changes in the company's business or strategy that could result in reduced returns;

• regulatory interpretations that exclude or disfavor our products under government policies or programs intended to support new or developing markets or technologies, or that otherwise are not technology-neutral;

• adoption of regulations mandating efficiency standards, the use of alternative fuels or uncompetitive fuel components;

• adoption of disclosure regulations that could create competitive disadvantages, require us to incur disproportionate costs, or increase legal risk due to a need to rely on uncertain estimates or extrapolations (such as emissions of third parties) and lack of uniform standards across jurisdictions, or by requiring us to disclose competitively sensitive commercial information or to violate the non-disclosure laws of other countries; and"
AAPL-2025-035,AAPL,technology,0,0,0,1,0,0,keyword,"The Company is subject to changes in tax rates, the adoption of new U.S. or international tax legislation and exposure to additional tax liabilities.

The Company is subject to taxes in the U.S. and numerous foreign jurisdictions, including Ireland and Singapore, where a number of the Company's subsidiaries are organized. Due to economic and political conditions, tax laws and tax rates for income taxes and other non-income taxes in various jurisdictions may be subject to significant change. For example, the Organisation for Economic Co-operation and Development continues to advance proposals for modernizing international tax rules, including the introduction of global minimum tax standards. The Company's effective tax rates are affected by changes in the mix of earnings in countries with differing statutory tax rates, changes in the valuation of deferred tax assets and liabilities, the introduction of new taxes, and changes in tax laws or their interpretation. The application of tax laws may be uncertain, require significant judgment and be subject to differing interpretations.

The Company is also subject to the examination of its tax returns and other tax matters by the U.S. Internal Revenue Service and other tax authorities and governmental bodies. The Company regularly assesses the likelihood of an adverse outcome resulting from these examinations to determine the adequacy of its provision for taxes. The outcome of such examinations is inherently uncertain. If the Company's effective tax rates were to increase, or if the ultimate determination of the Company's taxes owed is for an amount in excess of amounts previously accrued, the Company's business, results of operations, financial condition and stock price could be materially adversely affected."
COP-2025-022,COP,energy,0,0,0,0,0,0,keyword,"Our ability to execute our capital return program is subject to certain considerations.

Ordinary dividends are authorized and determined by our Board of Directors in its sole discretion and depend upon a number of factors, including:

• Cash available for distribution;

• Our results of operations and anticipated future results of operations;

• Our financial condition, especially in relation to anticipated future capital needs;

• The level of distributions paid by comparable companies;

• Our operating expenses; and

• Other factors our Board of Directors deems relevant.

We paid a quarterly VROC to our shareholders in the first three quarters of 2024. In the fourth quarter of 2024, we declared an ordinary dividend that incorporated the prior VROC equivalent per share payment and did not make a separate VROC payment. VROC distributions remain an option in elevated price environments, to be authorized and determined by our Board of Directors in its sole discretion and depending on factors it deems relevant. Our Board may determine not to pay a dividend in a quarter or may cease declaring a dividend at any time.

Additionally, as of December 31, 2024, $30.7 billion of repurchase authority remained. In October 2024, our Board of Directors approved an increase from our prior authorization of $45 billion by a total of the lesser of $20 billion or the number of shares issued in our acquisition of Marathon Oil, such that the company is not to exceed $65 billion in aggregate purchases. Our share repurchase program does not obligate us to acquire a specific number of shares during any period, and our decision to commence, discontinue or resume repurchases in any period will depend on the same factors that our Board of Directors may consider when declaring dividends, among other factors. In the past, we have suspended our share repurchase program in response to market downturns, including as a result of the oil market downturn that began in early 2020, and we may do so again in the future."
JPM-2026-061,JPM,banking,0,0,0,1,1,0,keyword,"• AI system failures, inappropriate use of AI systems, lack of transparency in AI systems, or inaccurate or biased output from AI systems resulting from rapid deployment, insufficient testing, erroneous data, ineffective model design or insufficient controls, which could disrupt operations, cause erroneous transactions, compromise data privacy, infringe on intellectual property, harm clients and customers, or impair JPMorganChase's ability to make sound business decisions

• increased exposure to cyber attacks, system manipulation, or data loss if AI systems, particularly agentic systems, are not designed and implemented with appropriate safeguards to prevent systems from accessing sensitive data sources or system resources and taking actions

• intensified AI-enabled cyber threats, which may allow malicious actors to exploit vulnerabilities, reverse-engineer security patches, and conduct sophisticated social engineering attacks, potentially resulting in unauthorized access to sensitive information and data breaches, especially if JPMorganChase fails to adequately maintain, secure and upgrade its technological infrastructure in response to rapidly evolving technological advances

• regulatory and compliance challenges arising from rapidly evolving applicable law, including differences, inconsistencies and conflicts in international standards, which could increase costs, lead to fines and sanctions, and restrict JPMorganChase's use of AI technologies

• competitive disadvantage if competitors are able to deploy AI more quickly or effectively, potentially gaining advantages in cost efficiency, client and customer experience, or product innovation, which could result in a loss of market share to competitors, or"
MSFT-2025-021,MSFT,technology,0,0,0,1,0,0,keyword,"PART I

Item 1A

Issues in the development, deployment, and use of AI may result in reputational or competitive harm or liability . We are building AI into many of our offerings, including our productivity services, and we are also making AI available for our customers to use in solutions that they build. This AI may be developed by Microsoft or others, including our strategic partner, OpenAI. We expect these elements of our business to grow. We envision a future in which AI operating in devices, applications, and the cloud helps our customers be more productive in their work and personal lives. As with many innovations, AI presents risks and challenges that could affect its adoption, and therefore our business. AI algorithms or training methodologies may be flawed. Datasets may be overbroad, insufficient, or contain biased or inaccurate information. Content generated by AI systems may be offensive, illegal, inaccurate, or otherwise harmful. Ineffective or inadequate AI development or deployment practices by Microsoft or others could result in incidents that impair the acceptance of AI solutions, cause harm to individuals, customers, or society, or result in our products and services not working as intended. Human review of certain inputs and outputs may be required, including for agentic AI systems that can take actions autonomously. Our implementation of AI systems could result in legal liability, regulatory action, brand, reputational, or competitive harm, or other adverse impacts. These risks may stem from issues related to intellectual property, data privacy, and other claims associated with AI training and outputs. They are further compounded by the evolving regulatory landscape, with new laws emerging globally, including the European Union (""EU""). Some AI scenarios present ethical issues or may have broad impacts on society. There is also rising divergence globally in how to address these issues and impacts, with the result that we will need to navigate a web of different tensions across geographies. Finally, if we enable or offer AI solutions that have unintended consequences, unintended usage or customization by our customers and partners, are contrary to our responsible AI policies and practices, or are otherwise controversial because of the impact on human rights, privacy, employment, or other social, economic, or political issues, our reputation, competitive position, business, financial condition, and results of operations could be adversely affected."
CVX-2024-016,CVX,energy,0,0,0,1,0,1,keyword,"The standards and regulations for tracking, reporting, marketing and advertising related to ESG matters are relatively new, have not been harmonized and continue to evolve. Our selection of disclosure frameworks that seek to align with various voluntary reporting standards may change from time to time and may result in a lack of comparative data from period to period.

Our processes and controls may not always align with evolving voluntary standards for identifying, measuring, and reporting ESG metrics, our interpretation of reporting standards may differ from those of others, and such standards may change over time, including through non-public processes, any of which could result in significant revisions to our goals or reported progress in achieving such goals. In addition, Chevron participates, along with other companies, institutes, universities, trade associations and other organizations, in various initiatives, campaigns, and other projects that express various ambitions, aspirations and goals related to climate change, emissions and energy transition. Chevron's individual ambitions, future performance or policies may differ from the ambitions of such organizations or the individual ambitions of other participants in these various initiatives, campaigns, and other projects, and Chevron may unilaterally change its individual ambitions, aspirations and goals. Achievement of or efforts to achieve aspirations, targets, goals and objectives such as the foregoing and future internal climate-related initiatives has, and may continue to, increase costs, and, in addition, may require purchase of carbon credits, or limit or impact the company's business plans, operations and financial results, potentially resulting in the reduction to the economic end-of-life of certain assets, impairing the associated net book value, among other material adverse impacts. Our failure or perceived failure to pursue or fulfill such aspirations, targets, goals and objectives or to satisfy various reporting standards within the timelines we announce, or at all, could have a negative impact on the company's reputation, investor sentiment, ratings outcomes for evaluating the company's approach to ESG matters, stock price, and cost of capital and expose us to government enforcement actions and private litigation, among other material adverse impacts."
BAC-2026-002,BAC,banking,1,1,0,0,0,0,keyword,"Any sudden or prolonged market downturn, as a result of the above factors or otherwise, could reduce net interest income and noninterest income and adversely affect our results of operations and financial condition, including capital and liquidity levels. Elevated inflation and interest rate levels, monetary tightening by central banks and geopolitical developments could continue to adversely impact financial markets and

macroeconomic conditions, as well as result in increased market volatility and disruptions and recessionary risk.

Global uncertainties regarding fiscal and monetary policies continue to present economic challenges. High and rising debt levels in the U.S. and globally may contribute to interest rate volatility, which may constrain governments' fiscal policies, potentially resulting in adverse economic outcomes. Actions taken by the Federal Reserve or central banks in other jurisdictions, including changes in target rates, balance sheet management and lending facilities, are beyond our control and difficult to predict, particularly in response to the uncertainty of inflationary paths. This can affect interest rates and the value of financial instruments and other assets, such as debt securities, and impact our borrowers and potentially increase delinquency rates and may also raise government debt levels, adversely affect businesses and household incomes, adversely impact the banking sector generally, and increase uncertainty surrounding monetary policy. While the Federal Reserve reduced policy rates in 2025, uncertainty remains regarding the pace and duration of the reduction of market interest rates. If inflation does not continue to decline toward the Federal Reserve's target, the Federal Reserve may hold the fed funds rate steady or raise rates, resulting in a flat or inverted yield curve, volatility of equity and other markets, and volatility of the U.S. dollar, which could impact investor risk appetite and our borrowers, potentially increasing delinquency rates. Financial market volatility could also result from uncertainty about the timing and extent of any additional rate cuts by the Federal Reserve in response to moderating inflation, weakening economic conditions and/or labor market conditions. Any future change in monetary policy by the Federal Reserve, in an effort to stimulate the economy or otherwise, resulting in lower interest rates would typically result in lower revenue through lower net interest income, which could adversely affect our results of operations."
XOM-2024-013,XOM,energy,0,0,0,0,0,1,keyword,"The term ""project"" as used in this report can refer to a variety of different activities and does not necessarily have the same meaning as in any government payment transparency reports.

Operational efficiency. An important component of ExxonMobil's competitive performance, especially given the commodity-based nature of many of our businesses, is our ability to operate efficiently, including our ability to manage expenses, improve production yields on an ongoing basis and successfully integrate and achieve the anticipated synergies of acquisitions, including the acquisition of Pioneer Natural Resources Company. This requires continuous management focus, including technology integration and improvements, cost control, productivity enhancements, harmonizing the functions, policies, procedures and processes, regular reappraisal of our asset portfolio, and the recruitment, development, and retention of high caliber employees.

Research and development and technological change. To maintain our competitive position, especially in light of the technological nature of our businesses and the need for continuous efficiency improvement, ExxonMobil's technology, research, and development organizations must be successful and able to adapt to a changing market and policy environment, including continuous improvement in the efficiency of hydraulic fracturing technology and developing technologies to help reduce greenhouse gas emissions. To remain competitive, we must also continuously adapt and capture the benefits of new and emerging technologies, including successfully applying advances in the ability to process very large amounts of data to our businesses."
BAC-2026-019,BAC,banking,1,1,0,0,0,0,keyword,"We execute a high volume of transactions and have significant credit concentrations with respect to the financial services industry, predominantly comprised of broker-dealers, commercial banks, investment banks, insurance companies, mutual funds, hedge funds, CCPs, alternative asset managers and other institutional clients or finance companies. Financial services institutions and other counterparties are inter-related because of trading, funding, clearing or other relationships.

Defaults by one or more counterparties, or market uncertainty about the financial stability of one or more financial services institutions, or the financial services industry generally, could lead to market-wide liquidity disruptions, losses, defaults and related disputes and litigation.

Our credit risk may also be heightened by market risk when the collateral held by us cannot be liquidated or is liquidated at prices not sufficient to recover the full amount of the loan or derivatives exposure, which may occur from events that impact the value of the collateral, such as a sudden change in asset price or fraud. Disputes with obligors as to the valuation of collateral could increase with significant market stress, volatility or illiquidity, and we could suffer losses if we are unable to realize the fair value of the collateral or manage declines in the value of collateral. Our counterparty credit risk can increase if margin posted by counterparties is insufficient to cover exposures and elevated counterparty exposure is accompanied by an increase in the counterparty's likelihood of default."
BAC-2026-006,BAC,banking,0,1,0,0,0,0,keyword,"Our models and strategies to assess and control our market risk exposures are subject to inherent limitations. In times of market stress or other unforeseen circumstances, previously uncorrelated indicators may become correlated. Such changes to the relationship between market parameters may limit the effectiveness of our hedging strategies and cause us to incur significant losses. Changes in correlation can be exacerbated where market participants use risk or trading models with assumptions or algorithms similar to ours. In these and other cases, it may be difficult to reduce our risk positions due to activity of other market participants or widespread market dislocations, including circumstances where asset values are declining significantly or no market exists. Where we own securities that do not have an established liquid trading market or are otherwise subject to restrictions on sale or hedging, or where the degree of accessible liquidity declines significantly, we may not be able to reduce our positions and risks associated with such holdings, so we may suffer larger than expected losses when adverse price movements take place.

This risk can be exacerbated where we hold a position that is large relative to the available liquidity.

If asset values decline, we may incur losses and negative impacts, including to capital and liquidity positions and requirements."
MSFT-2024-018,MSFT,technology,0,0,1,1,0,0,keyword,"Other digital safety abuses

Our hosted consumer services as well as our enterprise services may be used to generate or disseminate harmful or illegal content in violation of our terms or applicable law. We may not proactively discover such content due to scale, the limitations of existing technologies, and conflicting legal frameworks. When discovered by users and others, such content may negatively affect our reputation, our brands, and user engagement. Regulations and other initiatives to make platforms responsible for preventing or eliminating harmful content online have been enacted, and we expect this to continue. We may be subject to enhanced regulatory oversight, civil or criminal liability, or reputational damage if we fail to comply with content moderation regulations, adversely affecting our business, financial condition, and results of operations.

Our products and services, how they are used by customers, and how third-party products and services interact with them, may present security, privacy, and execution risks. Our products and services may contain defects in design, manufacture, or operation that make them insecure or ineffective for their intended purposes. For example, an Internet of Things solution may have multiple layers of hardware, sensors, processors, software, and firmware, several of which we may not develop or control, and may have limited ability to be updated or patched. Further, customers control our products and services, including our AI products, within their environments, and may deploy them in high-risk scenarios or utilize them inappropriately. As a result, our products and services may increasingly affect personal health and safety. Our products may also collect large amounts of data in manners which may not satisfy customers or regulatory requirements. Our customers also operate complex IT systems with third-party hardware and software from multiple vendors whose products or personnel may take or fail to take actions which impact the reliability or security of our products and services. If our products and services do not work as intended, are utilized in methods not intended, violate the law, or harm individuals or businesses, we may be subject to legal claims or enforcement actions. These risks, if realized, may increase our costs, damage our reputation, or adversely affect our results of operations."
MSFT-2024-011,MSFT,technology,0,0,0,0,1,0,keyword,"PART I

Item 1A

Our internal IT environment continues to evolve. Often, we are early adopters of new devices and technologies. We embrace new ways of sharing data and communicating internally and with partners and customers using methods such as social networking and other consumer-oriented technologies. Increasing use of generative AI models in our internal systems may create new attack methods for adversaries. Our business policies and internal security controls may not keep pace with these changes as new threats emerge or the emerging cybersecurity regulations in jurisdictions worldwide.

Security of our products, services, devices, and customers' data"
NVDA-2024-058,NVDA,technology,0,0,0,0,0,0,keyword,"immediately due and payable. Changes to our credit rating may negatively impact the value and liquidity of our securities, restrict our ability to obtain future financing and affect the terms of any such financing.

Delaware law and our certificate of incorporation, bylaws and agreement with Microsoft could delay or prevent a change in control.

The anti-takeover provisions of the Delaware General Corporation Law may discourage, delay, or prevent a change in control. Provisions in our certificate of incorporation and bylaws could make it more difficult for a third party to acquire a majority of our outstanding stock. These provisions include the ability of our Board of Directors to create and issue preferred stock, change the number of directors, and to make, amend or repeal our bylaws without prior shareholder approval; the inability of our shareholders to act by written consent or call special meetings; advance notice requirements for director nominations and shareholder proposals; and a super-majority voting requirement to amend some provisions in our certificate of incorporation and bylaws. Under our agreement with Microsoft for the Xbox, if someone makes an offer to purchase at least 30% of our outstanding common stock, Microsoft may have first and last rights of refusal to purchase the stock. These provisions could delay or prevent a change in control of NVIDIA, discourage proxy contests, and make it more difficult for shareholders to elect directors of their choosing and to cause us to take other corporate actions they desire."
MSFT-2026-011,MSFT,technology,0,0,0,0,1,0,keyword,"PART I

Item 1A

Commission on January 19, 2024 and amended on March 8, 2024, beginning in late November 2023, a nation-state associated threat actor used a password spray attack to compromise a legacy test account and, in turn, gain access to Microsoft email accounts. The threat actor used information it obtained to gain unauthorized access to some of our source code repositories and internal systems, and the threat actor could continue to utilize this and other information to attempt to gain access to our systems or otherwise adversely affect our business and results of operations. This incident has and may continue to result in harm to our reputation and customer relationships. Nation-state and state-sponsored actors can sustain malicious activities for extended periods and deploy significant resources to plan and carry out attacks. Nation-state attacks against us, our customers, suppliers, or partners have and may continue to intensify due to our transparency to our customers, other stakeholders, and the public about cyberattacks, and during elections or periods of intense diplomatic or armed conflict. Challenges or failures to update or apply security patches to all hardware and devices connected to our systems, including end-of-life and end-of-support equipment, have and may continue to result in unauthorized access to our systems and data in the future. Cyber incidents and attacks, individually or in the aggregate, could adversely affect our financial condition, results of operations, competitive position, and reputation, or expose us to legal or regulatory risk."
JPM-2026-045,JPM,banking,1,0,0,1,1,0,keyword,"• financial loss to JPMorganChase outside of cyber insurance policy coverage, or losses to its clients, customers, counterparties or employees

• loss of confidence in JPMorganChase's cybersecurity and business resiliency measures

• significant exposure to litigation, investigations by governmental authorities and penalties, and

• reputational harm.

The extent of a particular cyber attack, the methods used by threat actors, and the steps that JPMorganChase may need to take to investigate the attack may not be immediately clear, and it could take a significant amount of time before such an investigation can be completed. While such an investigation is ongoing, JPMorganChase may not know the full extent of the harm caused by the cyber attack, and that damage could continue to spread. These factors could

inhibit JPMorganChase's ability to provide rapid, full and reliable information about the cyber attack to its clients, customers, counterparties and regulators, as well as the public. Furthermore, it may not be clear how best to contain and remediate the harm caused by the cyber attack, and certain errors or actions could be repeated or compounded before they are discovered and remediated. Any or all of these factors could further increase the costs and consequences of a cyber attack."
BAC-2026-056,BAC,banking,0,0,0,1,0,1,keyword,"Failure to properly manage data may adversely affect our ability to manage compliance risk and business needs, and result in errors in our operations, reporting and decision-making, and compliance with LRRs.

We rely on our ability to manage and process data accurately, timely and completely, including capturing, transporting, aggregating, using, transmitting data externally, and retaining and protecting data appropriately. While we continually update our policies, programs, processes and practices and take steps to leverage emerging technologies, such as automation, AI and robotics, our data management processes may not be effective and are subject to weaknesses and failures, including human error, data limitations, process delays, system failure or failed controls. Failure to effectively manage data accurately, timely and completely may adversely impact its quality and reliability and our ability to manage current and emerging risks, produce accurate financial, nonfinancial, regulatory, operational, environmental and social reporting, detect or surveil potential misconduct or non-compliance with LRRs, and to manage our business needs, strategic decision-making, resolution strategy and operations. The failure to establish and maintain effective, efficient and controlled data management could adversely impact our development of products and client relationships and increase operational losses and regulatory and reputational harm.

Our operations, businesses and clients could be adversely affected by climate-related matters and impacts."
BAC-2026-017,BAC,banking,1,1,0,0,0,0,keyword,"A recessionary environment and/or a rise in unemployment could adversely impact the ability of our consumer and/or commercial borrowers or counterparties to meet their financial obligations and negatively impact our credit portfolio. Consumers have been and may continue to be negatively impacted by inflation and/or a higher cost of living, potentially resulting in drawdowns of savings or increases in household debt. Elevated interest rates over the past several years, which have increased debt servicing costs for some businesses and households, may adversely impact credit quality, particularly in recessionary environments. Certain sectors also remain at risk

11 Bank of America

(e.g., commercial real estate, particularly office) as a result of shifts in demand and tight financial and credit conditions. Globally, conditions of slow growth or recession could further contribute to weaker credit conditions. If the macroeconomic environment or certain sectors worsen, our credit portfolio, net charge-offs, provision and allowance for credit losses could be adversely impacted.

We establish an allowance for credit losses, which includes the allowance for loan and lease losses and the reserve for unfunded lending commitments, based on management's best estimate of lifetime current expected credit losses (CECL) inherent in our relevant financial assets. The process to determine the allowance for credit losses uses models and assumptions that require us to make difficult and complex judgments that are often interrelated, including forecasting how borrowers or counterparties may perform in changing economic conditions. The ability of our borrowers or counterparties to repay their obligations may be impacted by changes in future economic conditions, which in turn could impact the accuracy of our loss forecasts and allowance estimates. There is also the possibility that we have failed or will fail to accurately identify the appropriate economic indicators or accurately estimate their impacts to our borrowers or counterparties, which could impact the accuracy of our loss forecasts and allowance estimates."
NVDA-2025-001,NVDA,technology,0,0,1,0,1,1,keyword,"Risks Related to Our Global Operating Business

• Adverse economic conditions may harm our business.

• International sales and operations are a significant part of our business, which exposes us to risks that could harm our business.

• Product, system security and data breaches and cyber-attacks could disrupt our operations and adversely affect our financial condition, stock price and reputation.

• Business disruptions could harm our operations and financial results.

• Climate change may have a long-term impact on our business.

• We may not be able to realize the potential benefits of business investments or acquisitions, nor successfully integrate acquisition targets.

• A significant amount of our revenue stems from a limited number of partners and distributors and we have a concentration of sales to customers, and our revenue could be adversely affected if we lose or are prevented from selling to any of these end customers.

• We may be unable to attract, retain, and motivate our executives and key employees.

• Modification or interruption of our business processes and information systems may disrupt our business and internal controls.

• Our operating results have in the past fluctuated and may in the future fluctuate, and if our operating results are below the expectations of securities analysts or investors, our stock price could decline."
XOM-2025-016,XOM,energy,0,0,1,0,0,1,keyword,"Preparedness. Our operations may be disrupted by severe weather events, natural disasters, human error, and similar events. For example, hurricanes may damage our offshore production facilities or coastal refining and petrochemical plants in vulnerable areas. Our facilities are designed, engineered, constructed, and operated to withstand a variety of extreme climatic and other conditions, with safety factors built in to cover a number of uncertainties, including those associated with wave, wind, and current intensity, marine ice flow patterns, permafrost stability, storm surge magnitude, temperature extremes, extreme rainfall events, and earthquakes. Our consideration of changing weather conditions and inclusion of safety factors in design covers the engineering uncertainties that climate change and other events may potentially introduce. Our ability to mitigate the adverse impacts of these events depends in part upon the effectiveness of our robust facility engineering, our rigorous disaster preparedness and response, and business continuity planning.

Insurance limitations. The ability of the Corporation to insure against many of the risks it faces as described in this Item 1A is limited by the availability and cost of coverage, which may not be economic, as well as the capacity of the applicable insurance markets, which may not be sufficient.

Competition. As noted in Item 1 above, the energy and petrochemical industries are highly competitive. We face competition not only from other private firms, but also from state-owned companies that are increasingly competing for opportunities outside of their home countries and as partners with other private firms. In some cases, these state-owned companies may pursue opportunities in furtherance of strategic objectives of their government owners, with less focus on financial returns than companies owned by private shareholders, such as ExxonMobil. Technology and expertise provided by industry service companies may also enhance the competitiveness of firms that may not have the internal resources and capabilities of ExxonMobil or reduce the need for resource-owning countries to partner with private-sector oil and gas companies in order to monetize national resources. As described in more detail above, our hydrocarbon-based energy products are also subject to growing and, in many cases, government-supported competition from alternative energy sources. In addition, as we enter new markets in pursuit of lower-emission and other new business opportunities, we will need to compete effectively with established competitors in these markets, as well as with new market entrants seeking to capitalize on these opportunities, while successfully navigating changing market conditions or technologies."
AAPL-2025-014,AAPL,technology,0,0,0,0,0,0,keyword,"The Company relies on access to third-party intellectual property, which may not be available to the Company on commercially reasonable terms, or at all.

The Company's products and services include technology or intellectual property that must be licensed from third parties. In addition, because of technological changes in the industries in which the Company currently competes or in the future may compete, current extensive intellectual property coverage and the rapid rate of new intellectual property rights generation, the Company's products and services may be alleged to infringe existing intellectual property rights of others. This risk may be exacerbated by the use of new and emerging technologies, including machine learning and artificial intelligence, which can involve, among other things, the acquisition and use of copyrighted materials for training as well as the potential reproduction of copyrighted materials in their outputs . From time to time, the Company has been notified that it may be infringing certain intellectual property rights of third parties. The Company is not always able to obtain all necessary licenses to third-party intellectual property rights on commercially reasonable terms or at all. Failure to obtain the right to use third-party intellectual property, or to use such intellectual property on commercially reasonable terms, can require the Company to modify certain products, services or features or preclude the Company from selling certain products or services and expose the Company to significant licensing costs, all of which can materially adversely affect the Company's business, reputation, results of operations, financial condition and stock price."
JPM-2026-046,JPM,banking,0,0,1,1,0,0,keyword,"JPMorganChase's businesses could be adversely affected if it fails to identify and address operational risks associated with the introduction of or changes to products, services, delivery platforms or technologies.

JPMorganChase may not always identify or recognize the full extent of operational risks that could arise from:

• the introduction of a new product or service, including platforms for the delivery or distribution of products or services

• the acquisition or integration of, or investment in, a new business, product or portfolio, including the development of any related technological capabilities

• the adoption of a new technology, or

• changes to existing products, services, delivery platforms, businesses and technologies.

Any significant failure by JPMorganChase to identify the operational risks associated with these types of changes, or to implement adequate controls to mitigate those risks, has resulted and could in the future result in:

• hindering JPMorganChase's ability to operate its businesses

• potential liability to clients, counterparties and customers

• impairment of JPMorganChase's liquidity

• weaker competitive standing

• higher compliance, operational or integration costs

• regulatory intervention

• losses from fraudulent transactions

• higher litigation costs and penalties, or

• reputational harm.

Any of the foregoing consequences could materially and adversely affect JPMorganChase's businesses and results of operations."
AAPL-2025-023,AAPL,technology,0,0,0,1,0,0,keyword,"Legal and Regulatory Compliance Risks

The Company's business, results of operations and financial condition could be adversely impacted by unfavorable results of legal proceedings or government investigations.

The Company is subject to various claims, legal proceedings and government investigations that have arisen in the ordinary course of business and have not yet been fully resolved, and new matters may arise in the future. In addition, the Company enters into agreements that include indemnification provisions that can subject the Company to costs and damages in the event of a claim against an indemnified third party. The number of claims, legal proceedings and government investigations involving the Company, and the alleged magnitude of such claims, proceedings and government investigations, has generally increased over time and may continue to increase.

The Company has faced and continues to face a significant number of patent claims relating to its standards-enabled products, and new claims may arise in the future, including as a result of new legal or regulatory frameworks. For example, technology, data and other intellectual property asset–holding companies frequently assert their intellectual property rights and seek royalties and often enter into litigation based on allegations of infringement or other violations of intellectual property rights. These risks, and the risks of novel claims being attempted, may be exacerbated as new and emerging technologies, including machine learning and artificial intelligence, are further integrated into the Company's products and services. The Company is vigorously defending infringement actions in courts in several U.S. jurisdictions, as well as internationally in various countries. The plaintiffs in these actions frequently seek broad injunctive relief and substantial damages."
MSFT-2025-016,MSFT,technology,0,0,0,0,1,0,keyword,"The cost of these measures to protect products and customer-facing services could reduce our operating margins. If we fail to do these things well, actual or perceived security vulnerabilities in our processes, products, and services, data corruption issues, or reduced performance could harm our reputation and lead customers to exercise contractual or other remedies against us, reduce or delay future purchases of products or subscriptions to services, or to use competing products or services. Customers and third parties granted access to customer systems may fail to update their systems, continue to run software or operating systems we no longer support, may fail to timely install or enable security patches, or may otherwise fail to adopt adequate security practices. Customers may also spend more on protecting their existing computer systems from attack, which could delay adoption of additional products or services. Customers in certain industries such as financial services, health care, and government have enhanced or specialized expectations and requirements to which we must develop and engineer our products and services. Any of these could adversely affect our reputation and results of operations. Actual or perceived vulnerabilities may lead to claims against us. Our license agreements typically contain provisions that eliminate or limit our exposure to liability, but there is no assurance these provisions will withstand legal challenges. At times, to achieve commercial objectives, we may enter into agreements with larger liability exposure to customers."
XOM-2024-004,XOM,energy,0,0,0,1,0,0,keyword,"Restrictions on doing business. ExxonMobil is subject to laws and sanctions imposed by the United States or by other jurisdictions where we do business that may prohibit ExxonMobil or its affiliates from doing business in certain countries or restrict the kind of business that may be conducted, including acquiring or divesting certain assets. Such restrictions may provide a competitive advantage to competitors who may not be subject to comparable restrictions.

Lack of legal certainty. Some countries in which we do business lack well-developed legal systems, have not yet adopted or may be unable to maintain clear regulatory frameworks, or may have evolving and unharmonized standards that vary or conflict across jurisdictions. Lack of legal certainty exposes us to increased risk of adverse or unpredictable actions by government officials, and also makes it more difficult for us to enforce our contracts. In some cases, these risks can be partially offset by agreements to arbitrate disputes in an international forum, but the adequacy of this remedy may still depend on the local legal system to enforce an award.

Regulatory and litigation risks. Even in countries with well-developed legal systems where ExxonMobil does business, we remain exposed to changes in law or interpretation of settled law (including changes that result from international treaties and accords) and changes in policy that could adversely affect our results, such as:"
JPM-2026-044,JPM,banking,1,0,1,0,1,0,keyword,"• identifying, assessing and mitigating insider threat activities that could lead to the misuse of JPMorganChase's systems or client and customer information, and

• integrating acquired businesses, including where system integration may be complex or may require extensive and lengthy remediation or enhancement of controls.

Any of the above cybersecurity risks to which JPMorganChase may be exposed could also affect JPMorganChase's vendors or other third parties with which it does business or is interconnected, including governmental entities and other market participants. A successful circumvention of JPMorganChase's systems of any of those third parties could cause serious negative consequences, including:

• significant disruption of or loss of access to JPMorganChase's operational systems and those of its clients, customers and counterparties

• misappropriation of confidential information of JPMorganChase or that of its clients, customers, counterparties, employees, regulators or other parties

• disruption of or damage to JPMorganChase's systems and those of its clients, customers and counterparties

• the inability, or extended delays in the ability, to fully recover and restore affected data, or the inability to prevent systems from processing fraudulent transactions

• demands that JPMorganChase pay a ransom to a malicious actor that has perpetrated a cybersecurity breach

• unintended violations by JPMorganChase of applicable privacy and other laws"
CVX-2025-019,CVX,energy,0,1,0,1,0,1,keyword,"perceived failure to pursue or fulfill such ambitions within the timelines we announce, or at all, or to satisfy various reporting standards and regulations could have a negative impact on the company's reputation, investor sentiment, ratings outcomes for evaluating the company's approach to ESG matters, stock price, and cost of capital and expose us to government enforcement actions and private litigation, among other material adverse impacts.

GENERAL RISK FACTORS

Changes in management's estimates and assumptions may have a material impact on the company's consolidated financial statements and financial or operational performance in any given period In preparing the company's periodic reports under the Securities Exchange Act of 1934, including its financial statements, Chevron's management is required under applicable rules and regulations to make estimates and assumptions as of a specified date. These estimates and assumptions are based on management's best estimates and experience as of that date and are subject to substantial risk and uncertainty. Materially different results may occur as circumstances change and additional information becomes known. Areas requiring significant estimates and assumptions by management include impairments to property, plant and equipment and investments in affiliates; estimates of crude oil and natural gas recoverable reserves; accruals for estimated liabilities, including litigation reserves; estimates for decommissioning obligations, including for previously divested assets; and measurement of benefit obligations for pension and other post-employment benefit plans. Changes in estimates or assumptions or the information underlying the assumptions, such as changes in the company's business plans, general market conditions, the pace of energy transition, or changes in the company's outlook on commodity prices, could affect reported amounts of assets, liabilities or expenses."
JPM-2026-031,JPM,banking,0,1,0,0,0,0,keyword,"limited during periods of market stress, low investor confidence or significant market illiquidity.

JPMorganChase may need to raise funding from alternative sources if its access to stable and lower-cost funding, such as deposits and borrowings from Federal Home Loan Banks, is reduced. Alternative funding could be more expensive or limited. JPMorganChase's funding costs could also be negatively affected by actions that it may take in order to satisfy regulatory requirements, including those relating to:

• liquidity and funding

• its resolution plan, or

• the pre-positioning of liquidity in certain subsidiaries outside the U.S.

More generally, if JPMorganChase fails to effectively manage its liquidity, this could constrain its ability to fund or invest in its businesses and subsidiaries, and thereby adversely affect its results of operations.

JPMorgan Chase & Co. is a holding company and depends on its subsidiaries for funding to make payments on its outstanding securities.

The Parent Company, JPMorgan Chase & Co., is a holding company that holds the stock of JPMorgan Chase Bank, N.A. and an intermediate holding company, JPMorgan Chase Holdings LLC (the ""IHC""). In addition to holding the stock of other JPMorganChase subsidiaries, the IHC owns other assets and provides intercompany lending to the Parent Company. The Parent Company must contribute to the IHC substantially all the net proceeds that it receives from securities issuances."
COP-2026-020,COP,energy,0,0,0,0,0,0,keyword,"Any downward revision in the amount of our ordinary dividend or the volume of shares we purchase under our share repurchase program could have an adverse effect on the market price of our common stock.

ConocoPhillips 2025 10-K

Risk Factors

There are substantial risks with any acquisitions or divestitures we have completed or that we may choose to undertake.

We regularly review our portfolio and pursue growth through acquisitions and seek to divest noncore assets or businesses. We may not be able to complete these transactions on favorable terms, on a timely basis, or at all. Even if we do complete such transactions, our cash flow from operations may be adversely impacted or otherwise the transactions may not result in the benefits anticipated due to various risks, including, but not limited to (i) the failure of the acquired assets or businesses to meet or exceed expected returns, including risk of impairment; (ii) the inability to dispose of noncore assets and businesses on satisfactory terms and conditions; and (iii) the discovery of unknown and unforeseen liabilities or other issues related to any acquisition for which contractual protections are inadequate or we lack insurance or indemnities, including environmental liabilities, or with regard to divested assets or businesses, claims by purchasers to whom we have provided contractual indemnification. In addition, we may face difficulties in integrating the operations, technologies, products and personnel of any acquired assets or businesses."
COP-2024-009,COP,energy,0,0,0,1,0,1,keyword,"• Permits required in connection with exploration, drilling, production and other activities, including those issued by national, subnational, and local authorities;

• The discharge of pollutants into the environment;

• Emissions into the atmosphere, such as nitrogen oxides, sulfur dioxide, mercury and GHG emissions, including methane;

• Carbon taxes;

• The handling, use, storage, transportation, disposal and cleanup of hazardous materials and hazardous and nonhazardous wastes;

• The dismantlement, abandonment and restoration of historic properties and facilities at the end of their useful lives; and

• Exploration and production activities in certain areas, such as offshore environments, arctic fields, oil sands reservoirs and unconventional plays.

We have incurred and will continue to incur substantial capital, operating and maintenance, and remediation expenditures as a result of these laws and regulations. In addition, to the extent these expenditures are assumed by a buyer as a result of a disposition, it may result in our incurring substantial costs if the buyer is unable to satisfy these obligations. Any actual or perceived failure by us to comply with existing or future laws, regulations and other requirements could result in administrative or civil penalties, criminal fines, other enforcement actions or third-party litigation against us. To the extent these expenditures, as with all costs, are not ultimately reflected in the prices of our products, our business, financial condition, results of operations and cash flows in future periods as well as our ability to implement and advance the Plan could be adversely affected."
NVDA-2024-018,NVDA,technology,0,1,0,0,0,0,keyword,"• increased costs for wafers, components, logistics, and other supply chain expenses, which have negatively impacted our gross margin in the past and may do so in the future;

• increased supply, employee, facilities and infrastructure costs and volatility in the financial markets, which have reduced and may in the future reduce our margins;

• decrease in demand for our products, services and technologies and those of our customers, partners or licensees;

• the inability of our suppliers to deliver on their supply commitments to us and our customers' or our licensees' inability to supply products to customers and/or end users;

• limits on our ability to forecast operating results and make business decisions;

• the insolvency of key suppliers, distributors, customers, cloud service providers, data center providers, licensing parties or other third parties we rely on;

• reduced profitability of customers, which may cause them to scale back operations, exit businesses, file for bankruptcy protection and potentially cease operations, or lead to mergers, consolidations or strategic alliances among other companies, which could adversely affect our ability to compete effectively; and

• increased credit and collectability risks, higher borrowing costs or reduced availability of capital markets, reduced liquidity, adverse impacts on our customers and suppliers, failures of counterparties, including financial institutions and insurers, asset impairments, and declines in the value of our financial instruments."
CVX-2025-008,CVX,energy,0,0,0,1,0,0,keyword,"Acquisitions may cause Chevron's financial results to differ from the company's expectations or the expectations of the investment community, the company may not achieve the anticipated benefits of the acquisition, and the acquisition may disrupt the company's current plans or operations The success of the pending acquisition of Hess will depend, in part, on Chevron's ability to successfully integrate the business of Hess and realize the anticipated benefits, including synergies. Difficulties in integrating Hess may result in the failure to realize anticipated synergies in the expected timeframes, in operational challenges, and in the diversion of management's attention from ongoing business concerns, as well as in unforeseen expenses associated with the acquisition, which may have an adverse impact on the company's financial results.

LEGAL, REGULATORY AND ESG-RELATED RISK FACTORS

Chevron's business subjects the company to liability risks from litigation or government action The company produces, transports, refines and markets potentially hazardous materials, and it purchases, handles and disposes of other potentially hazardous materials in the course of its business. Chevron's operations also produce byproducts, which may be considered pollutants. Often these operations are conducted through joint ventures over which the company may have limited influence and control. Any of these activities could result in liability or significant delays in operations arising from private litigation or government action. For example, liability or delays could result from an accidental, unlawful discharge or from new conclusions about the effects of the company's current or former operations or products on human health or the environment. In addition, to the extent that societal pressures or political or other factors are involved, it is possible that such liability could be imposed without regard to the company's causation of or contribution to the asserted damage, or to other mitigating factors."
AAPL-2023-017,AAPL,technology,0,0,0,0,0,0,keyword,"Failure to obtain or create digital content that appeals to the Company's customers, or to make such content available on commercially reasonable terms, could have a material adverse impact on the Company's business, results of operations and financial condition.

The Company contracts with numerous third parties to offer their digital content to customers. This includes the right to sell, or offer subscriptions to, third-party content, as well as the right to incorporate specific content into the Company's own services. The licensing or other distribution arrangements for this content can be for relatively short time periods and do not guarantee the continuation or renewal of these arrangements on commercially reasonable terms, or at all. Some third-party content providers and distributors currently or in the future may offer competing products and services, and can take actions to make it difficult or impossible for the Company to license or otherwise distribute their content. Other content owners, providers or distributors may seek to limit the Company's access to, or increase the cost of, such content. The Company may be unable to continue to offer a wide variety of content at commercially reasonable prices with acceptable usage rules.

The Company also produces its own digital content, which can be costly to produce due to intense and increasing competition for talent, content and subscribers, and may fail to appeal to the Company's customers."
AAPL-2025-026,AAPL,technology,0,0,0,1,0,0,keyword,"Risks and costs related to new and changing laws, regulations, executive orders, directives, and enforcement priorities increase as the Company's products and services are introduced into specialized applications, including health and financial services, or as the Company expands the use of technologies, such as machine learning and artificial intelligence features, and must navigate new legal, regulatory and ethical considerations relating to such technologies.

Regulatory changes and other actions that materially adversely affect the Company's business may be announced with little or no advance notice and the Company may not be able to effectively mitigate all adverse impacts from such measures. For example, the Company is subject to changing regulations relating to the export and import of its products. The Company's programs, policies and procedures may not be effective in preventing a violation or a claim of a violation. As a result, the Company's products could be banned, delayed or prohibited from importation, which could materially adversely affect the Company's business, reputation, results of operations, financial condition and stock price.

Varied stakeholder expectations about social and other issues expose the Company to potential liabilities, increased costs, reputational harm, and other adverse effects on the Company's business.

Various stakeholders, including governments, regulators, investors, employees, customers and others, have differing expectations about a wide range of social and other issues related to the Company's business. The Company makes statements about its values, including the environmental and societal impact of its business, through various reports, information provided on the Company's website, and in press statements and other communications. The Company also pursues environmental and other goals and initiatives that involve risks and uncertainties, require investments, and depend in part on third-party performance or data that is outside the Company's control, and the Company may not be able to fully achieve all of its goals and initiatives. Efforts by the Company to advance its business and values, or achieve its goals and further its initiatives, or to align with stakeholders' expectations, or comply with evolving, varied and at times conflicting federal, state and international laws, executive orders, regulations and standards, or any failure or perceived failure to do so, can result in adverse reactions by consumers and other stakeholders, including the commencement of legal and regulatory proceedings against the Company, and can materially adversely affect the Company's business, reputation, results of operations, financial condition and stock price."
MSFT-2026-013,MSFT,technology,0,0,1,0,1,0,keyword,"Our internal environment continues to evolve. Often, we are early adopters of new devices and technologies. We embrace new ways of sharing data and communicating internally and with partners and customers using methods such as social networking and other consumer-oriented technologies. Increasing use of AI, including models, algorithms, copilots, and autonomous or semi-autonomous agents, in our internal or third-party systems may create new attack surfaces or methods for adversaries. Our business policies and internal security controls may not keep pace with emerging threats or the evolving regulatory landscape.

Inadequate account security or organizational security practices, including those of companies we have acquired or those of the third parties we utilize, have resulted and may result in unauthorized access to our systems and data, including customer systems and data. For example, passwords may not be rotated and employee access may not be updated or removed on a timely basis. Further, third parties that we utilize may also face the AI-based enhanced cybersecurity risk as described elsewhere in these risk factors. Employees or third parties may intentionally compromise our or our users' security or systems or reveal confidential information, and laws in certain jurisdictions may compel actions by such parties against our interests and could limit our recourse. Malicious actors have and may continue to exploit the supply chain to compromise our systems by, for example, injecting malware, including through software updates or compromised supplier or open-source software code, accounts, or hardware. Incidents involving the supply chain, including third-party vendors, suppliers, service providers, open-source software, or customer environments, may adversely affect our systems and our products and services, even where our own systems are not directly compromised."
C-2026-002,C,banking,0,0,0,0,0,0,keyword,"• Effective July 1, 2025, certain predominantly variable expenses incurred in ongoing support of products and services, which were previously presented within Other operating expenses and Transactional and tax charges , are now aggregated and presented within a new expenses category, Transactional and product servicing (see ""Glossary"" below for definition). Additionally, certain non-income tax charges incurred, which were previously presented within Transactional and tax charges and do not align with the redefined Transactional and product servicing , are now presented within Other operating . Prior periods were conformed to reflect this change in presentation.

• Effective January 1, 2025, certain transaction processing fees paid by Citi, primarily to credit card networks, reported within U.S. Personal Banking (USPB) , Services , Wealth and All Other —Legacy Franchises (Mexico Consumer/SBMM and Asia Consumer), which were previously presented within Other operating expenses, are now presented as contra-revenue within Commissions and fees reported in Non-interest revenue . Prior periods were conformed to reflect this change in presentation.

• Effective January 1, 2025, USPB changed its reporting for certain installment lending products that were transferred from Retail Banking to Branded Cards to reflect where these products are managed. Prior periods were conformed to reflect this change in presentation."
COP-2024-019,COP,energy,0,0,0,0,0,0,keyword,"Our ability to execute our capital return program is subject to certain considerations.

In December 2021, we initiated a three-tier capital return program that consists of our ordinary dividend, share repurchases and a variable return of cash (VROC).

Ordinary dividends are authorized and determined by our Board of Directors in its sole discretion and depend upon a number of factors, including:

• Cash available for distribution;

• Our results of operations and anticipated future results of operations;

• Our financial condition, especially in relation to the anticipated future capital needs of our properties;

• The level of distributions paid by comparable companies;

• Our operating expenses; and

• Other factors our Board of Directors deems relevant.

VROC distributions are also authorized and determined by our Board of Directors in its sole discretion and depend upon a number of factors, including:

• The anticipated level of distributions required to meet our capital returns commitment;

• Forward prices;

• The amount of cash we hold;

• Total yield; and

• Other factors our Board of Directors deems relevant.

We expect to continue to pay a quarterly ordinary dividend to our stockholders. In addition, based on the current environment, we anticipate also paying a quarterly VROC to our shareholders; however, the amount of dividends and VROC is variable and will depend upon the above factors, and our Board of Directors may determine not to pay a dividend or VROC in a quarter or may cease declaring a dividend or VROC at any time. Since the inception of the three-tier return of capital program, the VROC has both increased and decreased across quarters, and it may continue to fluctuate in the future."
XOM-2024-011,XOM,energy,0,0,0,0,0,0,keyword,"Operational and Other Factors

In addition to external economic and political factors, our future business results also depend on our ability to manage successfully those factors that are, at least in part, within our control, including our capital allocation into existing and new businesses. The extent to which we manage these factors will impact our performance relative to competition. For projects in which we are not the operator, we depend on the management effectiveness of one or more co-venturers whom we do not control.

Exploration and development program. Our ability to maintain and grow our oil and gas production depends on the success of our exploration and development efforts. Among other factors, we must continuously improve our ability to identify the most promising resource prospects and apply our project management expertise to bring discovered resources online as scheduled and within budget."
COP-2025-019,COP,energy,0,0,0,0,0,0,keyword,"An inability to realize the full extent of the anticipated benefits of the acquisition of Marathon Oil, as well as any delays encountered in the integration process, could have an adverse effect upon our revenues, level of expenses and operating results, which may adversely affect the value of our common stock.

In addition, the actual integration may result in additional and unforeseen expenses, and the anticipated benefits of the integration plan may not be realized. There are numerous processes, policies, procedures, operations and technologies and systems that must be integrated in connection with our acquisition of Marathon Oil and the integration of Marathon Oil's business. Any efficiencies related to the integration of Marathon Oil's business may not offset incremental transaction and acquisition-related costs in the near term or at all. If we are not able to adequately address integration challenges, we may be unable to successfully integrate operations or realize the anticipated benefits of the acquisition.

The market value of our common stock could decline if large amounts of our common stock are sold now that the Marathon Oil acquisition has been consummated.

We issued shares of ConocoPhillips common stock to former Marathon Oil stockholders. Former Marathon Oil stockholders may decide not to hold the shares of ConocoPhillips common stock that they received in the acquisition of Marathon Oil, and ConocoPhillips stockholders may decide to reduce their investment in ConocoPhillips due to the changes to ConocoPhillips' investment profile as a result of the acquisition of Marathon Oil. Other Marathon Oil stockholders, such as funds with limitations on their permitted holdings of stock in individual issuers, may be required to sell the shares of ConocoPhillips common stock that they received in the acquisition of Marathon Oil. Such sales of ConocoPhillips common stock could have the effect of depressing the market price for ConocoPhillips common stock."
